,Organism
0,Homo sapiens (Human)
1,Cryptococcus neoformans var. grubii serotype A (strain H99 / ATCC 208821 / CBS 10515 / FGSC 9487) (Filobasidiella neoformans var. grubii)
2,Methanococcus voltae
3,Corynebacterium glutamicum (strain ATCC 13032 / DSM 20300 / BCRC 11384 / JCM 1318 / LMG 3730 / NCIMB 10025)
4,Xanthomonas campestris pv. campestris (strain ATCC 33913 / DSM 3586 / NCPPB 528 / LMG 568 / P 25)
5,Danio rerio (Zebrafish) (Brachydanio rerio)
6,Sulfolobus islandicus rod-shaped virus 1 (SIRV-1) (Sulfolobus virus SIRV-1)
7,Mus musculus (Mouse)
8,Rattus norvegicus (Rat)
9,Fusobacterium nucleatum subsp. nucleatum (strain ATCC 25586 / DSM 15643 / BCRC 10681 / CIP 101130 / JCM 8532 / KCTC 2640 / LMG 13131 / VPI 4355)
10,Caldanaerobacter subterraneus subsp. tengcongensis (strain DSM 15242 / JCM 11007 / NBRC 100824 / MB4) (Thermoanaerobacter tengcongensis)
11,Corynebacterium efficiens (strain DSM 44549 / YS-314 / AJ 12310 / JCM 11189 / NBRC 100395)
12,Arabidopsis thaliana (Mouse-ear cress)
13,Chlamydomonas reinhardtii (Chlamydomonas smithii)
14,Oryza sativa subsp. japonica (Rice)
15,Thraustochytrium sp.
16,Glycine max (Soybean) (Glycine hispida)
17,Euglena viridis (Cercaria viridis)
18,Euglena myxocylindracea
19,Encephalitozoon cuniculi (strain GB-M1) (Microsporidian parasite)
20,Drosophila melanogaster (Fruit fly)
21,Dictyostelium discoideum (Slime mold)
22,Caenorhabditis elegans
23,Schizosaccharomyces pombe (strain 972 / ATCC 24843) (Fission yeast)
24,Saccharomyces cerevisiae (strain ATCC 204508 / S288c) (Baker's yeast)
25,Methanosarcina acetivorans (strain ATCC 35395 / DSM 2834 / JCM 12185 / C2A)
26,Methanopyrus kandleri (strain AV19 / DSM 6324 / JCM 9639 / NBRC 100938)
27,Pyrococcus furiosus (strain ATCC 43587 / DSM 3638 / JCM 8422 / Vc1)
28,Agrobacterium fabrum (strain C58 / ATCC 33970) (Agrobacterium tumefaciens (strain C58))
29,Grapevine fleck virus (isolate Italy/MT48) (GFkV)
30,Infectious salmon anemia virus (isolate Atlantic salmon/Norway/810/9/99) (ISAV)
31,Bdellovibrio bacteriovorus (strain ATCC 15356 / DSM 50701 / NCIMB 9529 / HD100)
32,Canis lupus familiaris (Dog) (Canis familiaris)
33,Gibberella fujikuroi (Bakanae and foot rot disease fungus) (Fusarium fujikuroi)
34,Emericella nidulans (strain FGSC A4 / ATCC 38163 / CBS 112.46 / NRRL 194 / M139) (Aspergillus nidulans)
35,Escherichia coli O157:H7
36,Clostridium perfringens (strain 13 / Type A)
37,Ralstonia solanacearum (strain GMI1000) (Pseudomonas solanacearum)
38,Listeria monocytogenes serovar 1/2a (strain ATCC BAA-679 / EGD-e)
39,Brucella melitensis biotype 1 (strain 16M / ATCC 23456 / NCTC 10094)
40,Nostoc sp. (strain PCC 7120 / SAG 25.82 / UTEX 2576)
41,Salmonella typhi
42,Yersinia pestis
43,Salmonella typhimurium (strain LT2 / SGSC1412 / ATCC 700720)
44,Pyrobaculum aerophilum (strain ATCC 51768 / DSM 7523 / JCM 9630 / CIP 104966 / NBRC 100827 / IM2)
45,Coturnix japonica (Japanese quail) (Coturnix coturnix japonica)
46,Gallus gallus (Chicken)
47,Oryzias latipes (Japanese rice fish) (Japanese killifish)
48,Leucoraja erinacea (Little skate) (Raja erinacea)
49,Human adenovirus C serotype 2 (HAdV-2) (Human adenovirus 2)
50,Sulfolobus islandicus filamentous virus (isolate Iceland/Hveragerdi) (SIFV)
51,Xenopus laevis (African clawed frog)
52,Duvenhage virus (DUVV)
53,Equine arteritis virus (strain Bucyrus) (EAV)
54,Invertebrate iridescent virus 6 (IIV-6) (Chilo iridescent virus)
55,Lumpy skin disease virus (LSDV)
56,Neurospora crassa (strain ATCC 24698 / 74-OR23-1A / CBS 708.71 / DSM 1257 / FGSC 987)
57,Komagataella pastoris (Yeast) (Pichia pastoris)
58,Schizophyllum commune (Split gill fungus)
59,Ustilago maydis (strain 521 / FGSC 9021) (Corn smut fungus)
60,Listeria innocua serovar 6a (strain ATCC BAA-680 / CLIP 11262)
61,Rickettsia conorii (strain ATCC VR-613 / Malish 7)
62,Rhizobium leguminosarum bv. trifolii
63,Streptomyces antibioticus
64,Streptomyces avermitilis (strain ATCC 31267 / DSM 46492 / JCM 5070 / NBRC 14893 / NCIMB 12804 / NRRL 8165 / MA-4680)
65,Bacillus cereus
66,Staphylococcus xylosus
67,Pisum sativum (Garden pea)
68,Hyaloraphidium curvatum (Lower fungus)
69,Bos taurus (Bovine)
70,Ovis aries (Sheep)
71,Sus scrofa (Pig)
72,Episoriculus fumidus (Taiwan brown-toothed shrew) (Soriculus fumidus)
73,Macaca fascicularis (Crab-eating macaque) (Cynomolgus monkey)
74,Pan troglodytes (Chimpanzee)
75,Asterias rubens (Common European starfish) (Asterias vulgaris)
76,Culex pipiens (House mosquito)
77,Sulfurisphaera tokodaii (strain DSM 16993 / JCM 10545 / NBRC 100140 / 7) (Sulfolobus tokodaii)
78,Thermoplasma volcanium (strain ATCC 51530 / DSM 4299 / JCM 9571 / NBRC 15438 / GSS1)
79,Clostridium acetobutylicum (strain ATCC 824 / DSM 792 / JCM 1419 / LMG 5710 / VKM B-1787)
80,Streptococcus pneumoniae serotype 4 (strain ATCC BAA-334 / TIGR4)
81,Saccharolobus solfataricus (strain ATCC 35092 / DSM 1617 / JCM 11322 / P2) (Sulfolobus solfataricus)
82,Molluscum contagiosum virus subtype 1 (MOCV) (MCVI)
83,Mesorhizobium japonicum (strain LMG 29417 / CECT 9101 / MAFF 303099) (Mesorhizobium loti (strain MAFF 303099))
84,Mycoplasma pulmonis (strain UAB CTIP)
85,Bacillus subtilis (strain 168)
86,Yarrowia lipolytica (strain CLIB 122 / E 150) (Yeast) (Candida lipolytica)
87,Myxoma virus (strain Lausanne) (MYXV)
88,Staphylococcus aureus (strain N315)
89,Caulobacter vibrioides (strain ATCC 19089 / CB15) (Caulobacter crescentus)
90,Streptomyces coelicolor (strain ATCC BAA-471 / A3(2) / M145)
91,Gamma-proteobacterium Hot 75m4
92,Klebsiella pneumoniae
93,Cereibacter sphaeroides (Rhodobacter sphaeroides)
94,Candida albicans (strain SC5314 / ATCC MYA-2876) (Yeast)
95,Fusarium sporotrichioides
96,Mycobacterium leprae (strain TN)
97,Lactococcus lactis subsp. lactis (strain IL1403) (Streptococcus lactis)
98,Pasteurella multocida (strain Pm70)
99,Gallid herpesvirus 2 (strain Chicken/Md5/ATCC VR-987) (GaHV-2) (Marek's disease herpesvirus type 1)
100,Lettuce necrotic yellows virus (isolate 318) (LNYV)
101,Varicella-zoster virus (strain Oka vaccine) (HHV-3) (Human herpesvirus 3)
102,Pseudomonas stutzeri (Pseudomonas perfectomarina)
103,Mycoplasma pneumoniae (strain ATCC 29342 / M129)
104,Escherichia coli
105,Thermosynechococcus elongatus (strain BP-1)
106,Rhizobium meliloti (Ensifer meliloti) (Sinorhizobium meliloti)
107,Bdellovibrio phage phiMH2K (Bacteriophage phiMH2K)
108,Myxine glutinosa (Atlantic hagfish)
109,Manduca sexta (Tobacco hawkmoth) (Tobacco hornworm)
110,Plasmodium berghei
111,Phanerodontia chrysosporium (White-rot fungus) (Sporotrichum pruinosum)
112,Thermoplasma acidophilum (strain ATCC 25905 / DSM 1728 / JCM 9062 / NBRC 15155 / AMRC-C165)
113,Halobacterium salinarum (strain ATCC 700922 / JCM 11081 / NRC-1) (Halobacterium halobium)
114,Pseudomonas aeruginosa (strain ATCC 15692 / DSM 22644 / CIP 104116 / JCM 14847 / LMG 12228 / 1C / PRS 101 / PAO1)
115,Takifugu rubripes (Japanese pufferfish) (Fugu rubripes)
116,Potato mop-top virus (isolate Potato/Sweden/Sw) (PMTV)
117,Fowlpox virus (strain NVSL) (FPV)
118,Northern cereal mosaic virus (NCMV)
119,Escherichia coli (strain K12)
120,Chlamydia pneumoniae (Chlamydophila pneumoniae)
121,Neisseria meningitidis serogroup A / serotype 4A (strain DSM 15465 / Z2491)
122,Neisseria meningitidis serogroup B (strain MC58)
123,Alkalihalobacillus halodurans (strain ATCC BAA-125 / DSM 18197 / FERM 7344 / JCM 9153 / C-125) (Bacillus halodurans)
124,Enterococcus faecalis (Streptococcus faecalis)
125,Vibrio cholerae serotype O1 (strain ATCC 39315 / El Tor Inaba N16961)
126,Pseudomonas syringae pv. actinidiae
127,Zea mays (Maize)
128,Bombyx mori (Silk moth)
129,Cochliomyia hominivorax (Primary screw-worm) (Lucilia hominivorax)
130,Arbacia lixula (Black urchin) (Echinus lixula)
131,Limulus polyphemus (Atlantic horseshoe crab)
132,Lepocinclis buetschlii
133,Phacus acuminatus
134,Oenothera elata subsp. hookeri (Hooker's evening primrose) (Oenothera hookeri)
135,Mesostigma viride (Green alga)
136,Equus caballus (Horse)
137,Ceratitis capitata (Mediterranean fruit fly) (Tephritis capitata)
138,Candida albicans (Yeast)
139,Xylella fastidiosa (strain 9a5c)
140,Campylobacter jejuni subsp. jejuni serotype O:2 (strain ATCC 700819 / NCTC 11168)
141,Chlamydia muridarum (strain MoPn / Nigg)
142,Ureaplasma parvum serovar 3 (strain ATCC 700970)
143,Human herpesvirus 6B (strain Z29) (HHV-6 variant B) (Human B lymphotropic virus)
144,Snakehead rhabdovirus (SHRV)
145,Human herpesvirus 8 type P (isolate GK18) (HHV-8) (Kaposi's sarcoma-associated herpesvirus)
146,Cavia porcellus (Guinea pig)
147,Bartonella henselae (strain ATCC 49882 / DSM 28221 / Houston 1) (Rochalimaea henselae)
148,Pseudomonas oleovorans
149,Thermus thermophilus
150,Haemophilus ducreyi (strain 35000HP / ATCC 700724)
151,Lactobacillus casei
152,Alkalihalobacillus pseudofirmus (strain ATCC BAA-2126 / JCM 17055 / OF4) (Bacillus pseudofirmus)
153,Bacillus anthracis
154,Brucella suis biovar 1 (strain 1330)
155,Neisseria gonorrhoeae
156,Deinococcus radiodurans (strain ATCC 13939 / DSM 20539 / JCM 16871 / LMG 4051 / NBRC 15346 / NCIMB 9279 / R1 / VKM B-1422)
157,Wolinella succinogenes (strain ATCC 29543 / DSM 1740 / LMG 7466 / NCTC 11488 / FDC 602W) (Vibrio succinogenes)
158,Volvox carteri (Green alga)
159,Haematococcus lacustris (Green alga) (Haematococcus pluvialis)
160,Glycyrrhiza echinata (Licorice)
161,Prototheca wickerhamii
162,Nephroselmis olivacea (Green alga)
163,Cyanidium caldarium (Red alga)
164,Plasmodium falciparum (isolate 3D7)
165,Pichia sorbitophila (strain ATCC MYA-4447 / BCRC 22081 / CBS 7064 / NBRC 10061 / NRRL Y-12695) (Hybrid yeast)
166,Coprinus comatus (Shaggy mane)
167,Methanothermobacter marburgensis (strain ATCC BAA-927 / DSM 2133 / JCM 14651 / NBRC 100331 / OCM 82 / Marburg) (Methanobacterium thermoautotrophicum)
168,Pyrococcus abyssi (strain GE5 / Orsay)
169,Tupaiid herpesvirus (strain 2) (TuHV-2) (Herpesvirus tupaia (strain 2))
170,Pseudomonas putida (Arthrobacter siderocapsulatus)
171,Komagataeibacter xylinus (Gluconacetobacter xylinus)
172,Thermotoga maritima (strain ATCC 43589 / DSM 3109 / JCM 10099 / NBRC 100826 / MSB8)
173,Acinetobacter venetianus (strain ATCC 31012 / DSM 23050 / BCRC 14357 / CCUG 45561 / CIP 110063 / KCTC 2702 / LMG 19082 / RAG-1)
174,Enterococcus faecium (Streptococcus faecium)
175,Rhizobium leguminosarum bv. viciae
176,Legionella pneumophila subsp. pneumophila (strain Philadelphia 1 / ATCC 33152 / DSM 7513)
177,Vitreoscilla sp. (strain C1)
178,Pseudoalteromonas phage PM2 (Bacteriophage PM2)
179,Chelonia mydas (Green sea-turtle) (Chelonia agassizi)
180,Toxoplasma gondii
181,Mortierella alpina (Oleaginous fungus) (Mortierella renispora)
182,Aeropyrum pernix (strain ATCC 700893 / DSM 11879 / JCM 9820 / NBRC 100138 / K1)
183,Ateline herpesvirus 3 (AtHV-3) (Herpesvirus ateles)
184,Lymantria dispar multicapsid nuclear polyhedrosis virus (LdMNPV)
185,Mushroom bacilliform virus (isolate Australia/AUS LF-1) (MBV)
186,Banna virus (strain Indonesia/JKT-6423/1980) (BAV)
187,Rhizobium meliloti (strain 1021) (Ensifer meliloti) (Sinorhizobium meliloti)
188,Acidaminococcus fermentans (strain ATCC 25085 / DSM 20731 / CCUG 9996 / CIP 106432 / VR4)
189,Mycoplasma genitalium (strain ATCC 33530 / G-37 / NCTC 10195)
190,Rickettsia prowazekii (strain Madrid E)
191,Salmonella typhimurium
192,Helicobacter pylori (strain J99 / ATCC 700824) (Campylobacter pylori J99)
193,Physcomitrium patens (Spreading-leaved earth moss) (Physcomitrella patens)
194,Papio hamadryas (Hamadryas baboon)
195,Fusarium heterosporum
196,Gibberella fujikuroi (strain CBS 195.34 / IMI 58289 / NRRL A-6831) (Bakanae and foot rot disease fungus) (Fusarium fujikuroi)
197,Formosa agariphila (strain DSM 15362 / KCTC 12365 / LMG 23005 / KMM 3901)
198,Oncorhynchus mykiss (Rainbow trout) (Salmo gairdneri)
199,Pinctada imbricata (Atlantic pearl-oyster) (Pinctada martensii)
200,Magnetospirillum gryphiswaldense (strain DSM 6361 / JCM 21280 / NBRC 15271 / MSR-1)
201,Pestalotiopsis fici (strain W106-1 / CGMCC3.15140)
202,Catharanthus roseus (Madagascar periwinkle) (Vinca rosea)
203,Strongylocentrotus purpuratus (Purple sea urchin)
204,Bison bison (American bison) (Bos bison)
205,Chlorocebus aethiops (Green monkey) (Cercopithecus aethiops)
206,Heterololigo bleekeri (Spear squid) (Loligo bleekeri)
207,Metridium senile (Brown sea anemone) (Frilled sea anemone)
208,Bacillus phage SPP1 (Bacteriophage SPP1)
209,Capsicum annuum (Capsicum pepper)
210,Borrelia burgdorferi (strain ATCC 35210 / B31 / CIP 102532 / DSM 4680)
211,Buchnera aphidicola subsp. Schizaphis graminum (strain Sg)
212,Brucella abortus biovar 1 (strain 9-941)
213,Mycoplasma gallisepticum (strain R(low / passage 15 / clone 2))
214,Mycobacterium tuberculosis (strain ATCC 25618 / H37Rv)
215,Xanthomonas phage phiLf (Bacteriophage phi-Lf)
216,Human adenovirus C serotype 6 (HAdV-6) (Human adenovirus 6)
217,Vaccinia virus (strain Ankara) (VACV)
218,Sendai virus (strain Ohita) (SeV)
219,Pyrococcus horikoshii (strain ATCC 700860 / DSM 12428 / JCM 9974 / NBRC 100139 / OT-3)
220,Mycobacterium phage D29 (Mycobacteriophage D29)
221,Solanum lycopersicum (Tomato) (Lycopersicon esculentum)
222,Treponema pallidum (strain Nichols)
223,Aquifex aeolicus (strain VF5)
224,Rhodobacter capsulatus (strain ATCC BAA-309 / NBRC 16581 / SB1003)
225,Legionella pneumophila
226,Mycobacterium bovis (strain ATCC BAA-935 / AF2122/97)
227,Grapevine leafroll-associated virus 3 (isolate United States/NY1) (GLRaV-3) (Grapevine leafroll-associated closterovirus (isolate 109))
228,Southern bean mosaic virus (isolate Bean/United States/Arkansas) (SBMV)
229,Tetraodon fluviatilis (Green pufferfish) (Chelonodon fluviatilis)
230,Lymnaea stagnalis (Great pond snail) (Helix stagnalis)
231,Macaca radiata (Bonnet macaque)
232,Oryctolagus cuniculus (Rabbit)
233,Guillardia theta (Cryptophyte) (Cryptomonas phi)
234,Orobanche minor (Small broomrape) (Hellroot)
235,Lycodon semicarinatus (Ryukyu odd-tooth snake) (Eumesodon semicarinatus)
236,Pelomedusa subrufa (African side-necked turtle)
237,Escherichia phage If1 (Bacteriophage If1)
238,Chlamydia trachomatis (strain D/UW-3/Cx)
239,Haemophilus influenzae (strain ATCC 51907 / DSM 11121 / KW20 / Rd)
240,Neisseria gonorrhoeae (strain ATCC 700825 / FA 1090)
241,Prochlorococcus marinus (strain SARG / CCMP1375 / SS120)
242,Vibrio alginolyticus
243,Hendra virus (isolate Horse/Autralia/Hendra/1994)
244,Hepatitis E virus genotype 1 (isolate Human/India/Hyderabad) (HEV-1)
245,Breda virus 1 (BRV-1)
246,Human immunodeficiency virus type 1 group N (isolate YBF30) (HIV-1)
247,Puffinosis coronavirus (PV) (Puffinosis virus)
248,Kluyveromyces lactis (strain ATCC 8585 / CBS 2359 / DSM 70799 / NBRC 1267 / NRRL Y-1140 / WM37) (Yeast) (Candida sphaerica)
249,Rhipicephalus sanguineus (Brown dog tick) (Ixodes sanguineus)
250,Aspergillus amstelodami
251,Saccharomyces cerevisiae killer virus M1 (ScV-M1) (Saccharomyces cerevisiae virus M1)
252,Tetronarce californica (Pacific electric ray) (Torpedo californica)
253,Staphylococcus aureus
254,Murine polyomavirus (strain A2) (MPyV)
255,Hamster polyomavirus (HaPyV) (Mesocricetus auratus polyomavirus 1)
256,Epstein-Barr virus (strain B95-8) (HHV-4) (Human herpesvirus 4)
257,Mouse mammary tumor virus (strain GR) (MMTV)
258,Bovine leukemia virus (isolate Japanese BLV-1) (BLV)
259,Avian leukosis virus RSA (RSV-SRA) (Rous sarcoma virus (strain Schmidt-Ruppin A))
260,Sendai virus (strain Harris) (SeV)
261,Influenza B virus (strain B/Lee/1940)
262,Influenza A virus (strain A/Duck/Germany/1949 H10N7)
263,Escherichia phage MS2 (Bacteriophage MS2)
264,Pseudomonas phage Pf1 (Bacteriophage Pf1)
265,Xanthomonas phage Xf (Bacteriophage Xf)
266,Pseudomonas phage Pf3 (Bacteriophage Pf3)
267,Enterobacteria phage phiX174 (Isolate Sanger) (Bacteriophage phi-X174)
268,Salmonella phage IKe (Bacteriophage IKe)
269,Enterobacteria phage fd (Bacteriophage fd)
270,Escherichia phage lambda (Bacteriophage lambda)
271,Escherichia phage T7 (Bacteriophage T7)
272,B-lymphotropic polyomavirus (LPV)
273,Simian retrovirus SRV-1
274,Blastochloris viridis (Rhodopseudomonas viridis)
275,Porcine transmissible gastroenteritis coronavirus (strain Purdue) (TGEV)
276,Human herpesvirus 1 (strain 17) (HHV-1) (Human herpes simplex virus 1)
277,Trypanosoma brucei brucei
278,Citrobacter freundii
279,Barley stripe mosaic virus (BSMV)
280,Plasmodium falciparum
281,Avian infectious bronchitis virus (strain 6/82) (IBV)
282,Avian infectious bronchitis virus (strain M41) (IBV)
283,Agrobacterium tumefaciens (strain 15955)
284,Nicotiana tabacum (Common tobacco)
285,Suid herpesvirus 1 (strain Indiana-Funkhauser / Becker) (SuHV-1) (Pseudorabies virus (strain Indiana-Funkhauser / Becker))
286,Newcastle disease virus (strain Beaudette C/45) (NDV)
287,Woodchuck hepatitis B virus (isolate 2) (WHV)
288,Human adenovirus C serotype 5 (HAdV-5) (Human adenovirus 5)
289,Murine coronavirus (strain JHM) (MHV-JHM) (Murine hepatitis virus)
290,Pseudomonas aeruginosa
291,Human papillomavirus type 16
292,Rhizobium radiobacter (Agrobacterium tumefaciens) (Agrobacterium radiobacter)
293,Enterobacteria phage GA (Bacteriophage GA)
294,Chloroflexus aurantiacus (strain ATCC 29366 / DSM 635 / J-10-fl)
295,Oenothera berteroana (Bertero's evening primrose)
296,Suid herpesvirus 1 (strain Rice) (SuHV-1) (Pseudorabies virus (strain Rice))
297,Pseudomonas phage phi6 (Bacteriophage phi-6)
298,Vaccinia virus (strain Western Reserve) (VACV) (Vaccinia virus (strain WR))
299,Drosophila yakuba (Fruit fly)
300,Acinetobacter baylyi (strain ATCC 33305 / BD413 / ADP1)
301,Influenza C virus (strain C/Johannesburg/1/1966)
302,Bluetongue virus 10 (isolate USA) (BTV 10)
303,Bacillus phage PZA (Bacteriophage PZA)
304,Vaccinia virus (strain IHD-J) (VACV)
305,Enterobacteria phage T4 (Bacteriophage T4)
306,Varicella-zoster virus (strain Dumas) (HHV-3) (Human herpesvirus 3)
307,Bacillus sp. (strain PS3)
308,White clover mosaic virus (strain M) (WCMV)
309,Turnip yellows virus (isolate FL-1) (TuYV) (BWYV-FL1)
310,Human cytomegalovirus (strain AD169) (HHV-5) (Human herpesvirus 5)
311,Salmonella phage P22 (Bacteriophage P22)
312,Staphylococcus aureus (strain Mu50 / ATCC 700699)
313,Pseudomonas putida (strain ATCC 47054 / DSM 6125 / CFBP 8728 / NCIMB 11950 / KT2440)
314,Shigella flexneri
315,Lactococcus lactis subsp. lactis (Streptococcus lactis)
316,Synechococcus elongatus
317,Escherichia coli O6:H1 (strain CFT073 / ATCC 700928 / UPEC)
318,Gloeobacter violaceus (strain ATCC 29082 / PCC 7421)
319,Staphylococcus aureus (strain Newman)
320,Streptococcus pyogenes
321,Mycoplasma hyopneumoniae (strain J / ATCC 25934 / NCTC 10110)
322,Staphylococcus epidermidis
323,Streptococcus agalactiae
324,Magnaporthe oryzae (strain 70-15 / ATCC MYA-4617 / FGSC 8958) (Rice blast fungus) (Pyricularia oryzae)
325,Pseudomonas fluorescens
326,Rhizopus delemar (strain RA 99-880 / ATCC MYA-4621 / FGSC 9543 / NRRL 43880) (Mucormycosis agent) (Rhizopus arrhizus var. delemar)
327,Human T-cell leukemia virus 1 (strain Japan ATK-1 subtype A) (HTLV-1)
328,Streptococcus pneumoniae serotype 2 (strain D39 / NCTC 7466)
329,Oryza sativa (Rice)
330,Bat coronavirus 279/2005 (BtCoV) (BtCoV/279/2005)
331,Dictyostelium citrinum (Slime mold)
332,Human astrovirus-1 (HAstV-1)
333,Epstein-Barr virus (strain AG876) (HHV-4) (Human herpesvirus 4)
334,Drosophila x virus (isolate Chung/1996) (DXV)
335,Carnation mottle virus (isolate China/Shanghai) (CarMV)
336,Dickeya chrysanthemi (Pectobacterium chrysanthemi) (Erwinia chrysanthemi)
337,African swine fever virus (isolate Pig/Kenya/KEN-50/1950) (ASFV)
338,African swine fever virus (isolate Tick/South Africa/Pretoriuskop Pr4/1996) (ASFV)
339,African swine fever virus (isolate Warthog/Namibia/Wart80/1980) (ASFV)
340,Pongo abelii (Sumatran orangutan) (Pongo pygmaeus abelii)
341,Coffea arabica (Arabian coffee)
342,Trichophyton verrucosum (strain HKI 0517)
343,Human T-cell leukemia virus 1 (isolate Caribbea HS-35 subtype A) (HTLV-1)
344,Variola virus (isolate Human/India/Ind3/1967) (VARV) (Smallpox virus)
345,Bovine herpesvirus 1.1 (strain P8-2) (BoHV-1) (Infectious bovine rhinotracheitis virus)
346,Cryptococcus neoformans var. neoformans serotype D (strain JEC21 / ATCC MYA-565) (Filobasidiella neoformans)
347,Cryptococcus neoformans var. neoformans serotype D (strain B-3501A) (Filobasidiella neoformans)
348,Chaetomium globosum (strain ATCC 6205 / CBS 148.51 / DSM 1962 / NBRC 6347 / NRRL 1970) (Soil fungus)
349,Passalora fulva (Tomato leaf mold) (Cladosporium fulvum)
350,Bremia lactucae (Lettuce downy mildew)
351,Plasmopara viticola (Downy mildew of grapevine) (Botrytis viticola)
352,Methanocaldococcus jannaschii (strain ATCC 43067 / DSM 2661 / JAL-1 / JCM 10045 / NBRC 100440) (Methanococcus jannaschii)
353,Streptococcus pyogenes serotype M3 (strain ATCC BAA-595 / MGAS315)
354,Selaginella moellendorffii (Spikemoss)
355,Marchantia polymorpha (Liverwort) (Marchantia aquatica)
356,Pteridium aquilinum subsp. aquilinum (Bracken fern)
357,Chlorokybus atmophyticus (Soil alga)
358,Bacillus cellulosilyticus (strain ATCC 21833 / DSM 2522 / FERM P-1141 / JCM 9156 / N-4) (Evansella cellulosilytica)
359,Xenopus tropicalis (Western clawed frog) (Silurana tropicalis)
360,Porcine reproductive and respiratory syndrome virus (strain Lelystad) (PRRSV)
361,Porcine reproductive and respiratory syndrome virus (strain VR-2332) (PRRSV)
362,Semliki forest virus (SFV)
363,Papaver somniferum (Opium poppy)
364,Bordetella pertussis (strain Tohama I / ATCC BAA-589 / NCTC 13251)
365,Thermosynechococcus vulcanus (Synechococcus vulcanus)
366,Brucella abortus (strain 2308)
367,Friend murine leukemia virus (isolate 57) (FrMLV)
368,Chikungunya virus (strain S27-African prototype) (CHIKV)
369,Desulfovibrio vulgaris (strain ATCC 29579 / DSM 644 / NCIMB 8303 / VKM B-1760 / Hildenborough)
370,Acinetobacter baumannii (strain ATCC 17978 / CIP 53.77 / LMG 1025 / NCDC KC755 / 5377)
371,Rhizobium leguminosarum
372,Potato virus X (strain Xc) (PVX)
373,Gallid herpesvirus 2 (strain GA) (GaHV-2) (Marek's disease herpesvirus type 1)
374,Human adenovirus B serotype 3 (HAdV-3) (Human adenovirus 3)
375,Spiroplasma virus 4 (SpV4)
376,Arbacia punctulata (Punctuate sea urchin)
377,Halorhodospira halochloris (Ectothiorhodospira halochloris)
378,Oxybasis rubra (Red goosefoot) (Chenopodium rubrum)
379,Tetrahymena pyriformis
380,Patiria pectinifera (Starfish) (Asterina pectinifera)
381,Euglena gracilis
382,Bacillus licheniformis
383,Spinacia oleracea (Spinach)
384,Leishmania donovani
385,Newcastle disease virus (strain D26/76) (NDV)
386,Canine distemper virus (strain Onderstepoort) (CDV)
387,Bovine herpesvirus 1.1 (strain Cooper) (BoHV-1) (Infectious bovine rhinotracheitis virus)
388,Streptococcus mutans serotype c (strain ATCC 700610 / UA159)
389,Paracentrotus lividus (Common sea urchin)
390,Chandipura virus (strain I653514) (CHPV)
391,Human herpesvirus 2 (strain HG52) (HHV-2) (Human herpes simplex virus 2)
392,Felis catus (Cat) (Felis silvestris catus)
393,Cupriavidus metallidurans (strain ATCC 43123 / DSM 2839 / NBRC 102507 / CH34) (Ralstonia metallidurans)
394,Daucus carota (Wild carrot)
395,Human spumaretrovirus (SFVcpz(hu)) (Human foamy virus)
396,Streptomyces rimosus
397,Rhizobium leguminosarum bv. phaseoli
398,Hordeum vulgare (Barley)
399,Rhodospirillum rubrum
400,Narcissus mosaic virus (NMV)
401,Mycoplasma hyorhinis
402,Actinobacillus pleuropneumoniae (Haemophilus pleuropneumoniae)
403,Enterobacteria phage I2-2 (Bacteriophage I2-2)
404,Leishmania tarentolae (Sauroleishmania tarentolae)
405,Paramecium tetraurelia
406,Beta vulgaris (Sugar beet)
407,Spiroplasma virus SpV1-R8A2 B (SpV1) (Spiroplasma virus 1)
408,Bradyrhizobium diazoefficiens (strain JCM 10833 / BCRC 13528 / IAM 13628 / NBRC 14792 / USDA 110)
409,Podospora anserina (strain S / ATCC MYA-4624 / DSM 980 / FGSC 10383) (Pleurage anserina)
410,Autographa californica nuclear polyhedrosis virus (AcMNPV)
411,Feline immunodeficiency virus (isolate Petaluma) (FIV)
412,Rhodobacter capsulatus (Rhodopseudomonas capsulata)
413,Schistosoma mansoni (Blood fluke)
414,Clover yellow mosaic virus (CYMV)
415,Mannheimia haemolytica (Pasteurella haemolytica)
416,Potato virus S (strain Peruvian)
417,Cereibacter sphaeroides (strain ATCC 17023 / DSM 158 / JCM 6121 / CCUG 31486 / LMG 2827 / NBRC 12203 / NCIMB 8253 / ATH 2.4.1.) (Rhodobacter sphaeroides)
418,Cyanophora paradoxa
419,Helianthus annuus (Common sunflower)
420,Simian immunodeficiency virus (isolate CPZ GAB1) (SIV-cpz) (Chimpanzee immunodeficiency virus)
421,Plasmodium falciparum (isolate NF54)
422,Influenza B virus (strain B/Beijing/1/1987)
423,Human adenovirus B serotype 7 (HAdV-7) (Human adenovirus 7)
424,Equine herpesvirus 1 (strain HVS25A) (EHV-1) (Equine abortion virus)
425,Saimiriine herpesvirus 2 (strain 11) (SaHV-2) (Herpesvirus saimiri)
426,Alcaligenes sp.
427,Clostridium pasteurianum
428,Artemia salina (Brine shrimp)
429,Haemophilus influenzae
430,Coxiella burnetii
431,Simian immunodeficiency virus (isolate PBj14/BCL-3) (SIV-sm) (Simian immunodeficiency virus sooty mangabey monkey)
432,Bovine immunodeficiency virus (strain R29) (BIV) (Bovine immunodeficiency-like virus)
433,Murine adenovirus A serotype 1 (MAdV-1) (Murine adenovirus 1)
434,Human coronavirus 229E (HCoV-229E)
435,Feline coronavirus (strain FIPV WSU-79/1146) (FCoV)
436,Escherichia coli O127:H6 (strain E2348/69 / EPEC)
437,Synechocystis sp. (strain PCC 6803 / Kazusa)
438,Sulfolobus spindle-shape virus 1 (SSV1)
439,Vaccinia virus (strain Copenhagen) (VACV)
440,Mumps virus (strain Urabe vaccine AM9) (MuV)
441,Papaya mosaic potexvirus (PMV)
442,Entamoeba histolytica
443,Serratia marcescens
444,Gibbon ape leukemia virus (GALV)
445,Rickettsia rickettsii (strain Sheila Smith)
446,Klebsiella aerogenes (strain ATCC 13048 / DSM 30053 / JCM 1235 / KCTC 2190 / NBRC 13534 / NCIMB 10102 / NCTC 10006) (Enterobacter aerogenes)
447,Giardia intestinalis (Giardia lamblia)
448,Propionigenium modestum
449,Lactococcus lactis subsp. cremoris (Streptococcus cremoris)
450,Foxtail mosaic virus
451,Streptomyces lividans
452,Equine infectious anemia virus (isolate P3.2-5) (EIAV)
453,Saimiriine herpesvirus 2 (strain 488) (SaHV-2) (Herpesvirus saimiri)
454,Equine herpesvirus 4 (strain 1942) (EHV-4) (Equine rhinopneumonitis virus)
455,Plasmodium falciparum (isolate FC27 / Papua New Guinea)
456,Schistocerca americana (American grasshopper)
457,Lysinibacillus sphaericus (Bacillus sphaericus)
458,Proteus mirabilis
459,Acidithiobacillus ferrooxidans (Thiobacillus ferrooxidans)
460,Tobacco necrosis virus (strain A) (TNV-A)
461,Trichormus variabilis (strain ATCC 29413 / PCC 7937) (Anabaena variabilis)
462,Maedi visna virus (strain 1514 / clone LV1-1KS2) (MVV) (Visna lentivirus)
463,Ictalurus punctatus (Channel catfish) (Silurus punctatus)
464,Phaseolus vulgaris (Kidney bean) (French bean)
465,Burkholderia cepacia (Pseudomonas cepacia)
466,Equine herpesvirus 1 (strain Kentucky D) (EHV-1) (Equine abortion virus)
467,Ascaris suum (Pig roundworm) (Ascaris lumbricoides)
468,Pisaster ochraceus (Ochre sea star) (Asterias ochracea)
469,Saimiriine herpesvirus 2 (strain 484-77) (SaHV-2) (Herpesvirus saimiri)
470,Simian virus 41 (SV41)
471,Roseobacter denitrificans (strain ATCC 33942 / OCh 114) (Erythrobacter sp. (strain OCh 114)) (Roseobacter denitrificans)
472,Chlamydia trachomatis
473,Panax ginseng (Korean ginseng)
474,Prochlorothrix hollandica
475,Tobacco necrosis virus (strain D) (TNV-D)
476,Sonchus yellow net virus (SYNV)
477,Lily symptomless virus (LSV)
478,Sulfolobus acidocaldarius (strain ATCC 33909 / DSM 639 / JCM 8929 / NBRC 15157 / NCIMB 11770)
479,Enterobacteria phage P21 (Bacteriophage 21) (Bacteriophage P21)
480,Enterobacteria phage PRD1 (Bacteriophage PRD1)
481,Suid herpesvirus 1 (strain Kaplan) (SuHV-1) (Pseudorabies virus (strain Kaplan))
482,Bovine herpesvirus 4 (strain DN-599) (BoHV-4) (Movar virus)
483,Dhori virus (strain Indian/1313/61) (Dho)
484,Dunaliella salina (Green alga) (Protococcus salinus)
485,Schistosoma japonicum (Blood fluke)
486,Spiroplasma citri
487,Dengue virus type 1 (strain Thailand/AHF 82-80/1980) (DENV-1)
488,Carnation latent virus (CLV)
489,Equine herpesvirus 1 (strain Ab4p) (EHV-1) (Equine abortion virus)
490,Acidianus ambivalens (Desulfurolobus ambivalens)
491,Brassica napus (Rape)
492,Epstein-Barr virus (strain Cao) (HHV-4) (Human herpesvirus 4)
493,Lactobacillus acidophilus
494,Amia calva (Bowfin)
495,Drosophila mauritiana (Fruit fly)
496,Paracoccus denitrificans
497,Sinorhizobium sp.
498,Pseudoalteromonas haloplanktis (Alteromonas haloplanktis)
499,Dictyota dichotoma
500,Exophiala dermatitidis (Black yeast) (Wangiella dermatitidis)
501,Murid herpesvirus 1 (strain Smith) (MuHV-1) (Mouse cytomegalovirus)
502,Sinorhizobium fredii (strain NBRC 101917 / NGR234)
503,Tobacco yellow dwarf virus (strain Australia) (TYDV)
504,Sheep pulmonary adenomatosis virus (Jaagsiekte sheep retrovirus) (JSRV)
505,Cupriavidus necator (strain ATCC 17699 / DSM 428 / KCTC 22496 / NCIMB 10442 / H16 / Stanier 337) (Ralstonia eutropha)
506,Pectobacterium carotovorum subsp. carotovorum (Erwinia carotovora subsp. carotovora)
507,Mouse intracisternal a-particle MIAE (IAP-MIAE)
508,Streptomyces peucetius
509,Swinepox virus (strain Kasza) (SWPV)
510,Clostridium scindens (strain JCM 10418 / VPI 12708)
511,Bovine ephemeral fever virus (strain BB7721) (BEFV)
512,Bacillus acidopullulyticus
513,Bacillus subtilis
514,Rhizobium fredii (Sinorhizobium fredii)
515,Turkey rhinotracheitis virus (TRTV)
516,Anopheles quadrimaculatus (Common malaria mosquito)
517,Pseudomonas syringae pv. syringae
518,Saccharopolyspora erythraea (strain ATCC 11635 / DSM 40517 / JCM 4748 / NBRC 13426 / NCIMB 8594 / NRRL 2338)
519,Apis mellifera ligustica (Common honeybee) (Italian honeybee)
520,Synechococcus elongatus (strain PCC 7942 / FACHB-805) (Anacystis nidulans R2)
521,Rhodoblastus acidophilus (Rhodopseudomonas acidophila)
522,Lake Victoria marburgvirus (strain Musoke-80) (MARV) (Marburg virus (strain Kenya/Musoke/1980))
523,Eikenella corrodens
524,Erwinia amylovora (Fire blight bacteria)
525,Lacticaseibacillus rhamnosus (Lactobacillus rhamnosus)
526,Staphylococcus carnosus (strain TM300)
527,Gallid herpesvirus 2 (strain RB-1b) (GaHV-2) (Marek's disease herpesvirus type 1)
528,Cercopithecine herpesvirus 1 (CeHV-1) (Simian herpes B virus)
529,Pediococcus acidilactici
530,Streptomyces griseus
531,Enterococcus faecalis (strain ATCC 700802 / V583)
532,Yersinia enterocolitica
533,Thermoanaerobacterium thermosulfurigenes (Clostridium thermosulfurogenes)
534,Vibrio anguillarum (strain ATCC 68554 / 775) (Listonella anguillarum)
535,Orientia tsutsugamushi (Rickettsia tsutsugamushi)
536,Chrysanthemum virus B (CVB)
537,Pyrenomonas salina
538,Clostridium kluyveri (strain ATCC 8527 / DSM 555 / NCIMB 10680)
539,Saccharomyces cerevisiae (Baker's yeast)
540,Streptomyces glaucescens
541,Stigmatella aurantiaca
542,Didelphis virginiana (North American opossum) (Didelphis marsupialis virginiana)
543,Brassica campestris (Field mustard)
544,Pinus thunbergii (Japanese black pine) (Pinus thunbergiana)
545,Choristoneura fumiferana nuclear polyhedrosis virus (CfMNPV)
546,Aeromonas hydrophila
547,Caenorhabditis briggsae
548,Geodia cydonium (Sponge)
549,Dickeya dadantii (strain 3937) (Erwinia chrysanthemi (strain 3937))
550,Acholeplasma phage L2 (Bacteriophage L2)
551,Streptomyces alboniger
552,Leishmania amazonensis
553,Mycoplasma capricolum subsp. capricolum (strain California kid / ATCC 27343 / NCTC 10154)
554,Mycoplasma hominis (strain ATCC 23114 / NBRC 14850 / NCTC 10111 / PG21)
555,Enterococcus hirae (strain ATCC 9790 / DSM 20160 / JCM 8729 / LMG 6399 / NBRC 3181 / NCIMB 6459 / NCDO 1258 / NCTC 12367 / WDCM 00089 / R)
556,Pediococcus pentosaceus
557,Anabaena cylindrica
558,Azospirillum brasilense
559,Providencia stuartii
560,Saprolegnia monoica
561,Cercospora nicotianae (Barn spot disease fungus)
562,Albinaria caerulea (Land snail)
563,Chondrus crispus (Carrageen Irish moss) (Polymorpha crispa)
564,Wickerhamomyces canadensis (Yeast) (Pichia canadensis)
565,Candida parapsilosis (Yeast)
566,Trieres chinensis (Marine centric diatom) (Odontella sinensis)
567,Schwanniomyces occidentalis (Yeast) (Debaryomyces occidentalis)
568,Podospora anserina (Pleurage anserina)
569,Porphyra purpurea (Red seaweed) (Ulva purpurea)
570,Haemophilus phage HP1 (strain HP1c1) (Bacteriophage HP1)
571,Escherichia phage P2 (Bacteriophage P2)
572,Paracoccus denitrificans (strain Pd 1222)
573,Pseudomonas fluorescens biotype C
574,Human herpesvirus 7 (strain JI) (HHV-7) (Human T lymphotropic virus)
575,Human herpesvirus 6A (strain GS) (HHV-6 variant A) (Human B lymphotropic virus)
576,Human herpesvirus 6A (strain Uganda-1102) (HHV-6 variant A) (Human B lymphotropic virus)
577,Orf virus (strain NZ7) (OV NZ-7)
578,Borna disease virus (strain V) (BDV)
579,Papio cynocephalus (Yellow baboon)
580,Vibrio harveyi (Beneckea harveyi)
581,Myxococcus xanthus
582,Bacillus caldolyticus
583,Helicobacter pylori (strain ATCC 700392 / 26695) (Campylobacter pylori)
584,Chlorella vulgaris (Green alga)
585,Methanothermus fervidus (strain ATCC 43054 / DSM 2088 / JCM 10308 / V24 S)
586,Mycolicibacterium smegmatis (Mycobacterium smegmatis)
587,Buchnera aphidicola subsp. Acyrthosiphon pisum (strain APS) (Acyrthosiphon pisum symbiotic bacterium)
588,Xanthomonas axonopodis pv. citri (strain 306)
589,Streptococcus agalactiae serotype V (strain ATCC BAA-611 / 2603 V/R)
590,Mycoplasma penetrans (strain HF-2)
591,Severe acute respiratory syndrome coronavirus (SARS-CoV)
592,Synechococcus sp. (strain WH8102)
593,Prochlorococcus marinus (strain MIT 9313)
594,Lactobacillus johnsonii (strain CNCM I-12250 / La1 / NCC 533)
595,Treponema denticola (strain ATCC 35405 / DSM 14222 / CIP 103919 / JCM 8153 / KCTC 15104)
596,Geobacter sulfurreducens (strain ATCC 51573 / DSM 12127 / PCA)
597,Bacillus cereus (strain ATCC 10987 / NRS 248)
598,Leptospira interrogans serogroup Icterohaemorrhagiae serovar copenhageni (strain Fiocruz L1-130)
599,Gorilla gorilla gorilla (Western lowland gorilla)
600,Equine herpesvirus 1 (strain AB1) (EHV-1) (Equine abortion virus)
601,Equine herpesvirus 1 (strain Kentucky A) (EHV-1) (Equine abortion virus)
602,Branchiostoma floridae (Florida lancelet) (Amphioxus)
603,Pinus koraiensis (Korean pine)
604,Natronomonas pharaonis (Natronobacterium pharaonis)
605,Rubrivivax gelatinosus (Rhodocyclus gelatinosus) (Rhodopseudomonas gelatinosa)
606,Neosartorya fumigata (strain ATCC MYA-4609 / Af293 / CBS 101355 / FGSC A1100) (Aspergillus fumigatus)
607,Halorhodospira halophila (strain DSM 244 / SL1) (Ectothiorhodospira halophila (strain DSM 244 / SL1))
608,Reclinomonas americana
609,Rhodocyclus tenuis (Rhodospirillum tenue)
610,Methanosarcina mazei (strain ATCC BAA-159 / DSM 3647 / Goe1 / Go1 / JCM 11833 / OCM 88) (Methanosarcina frisia)
611,Lactobacillus amylovorus
612,Linum usitatissimum (Flax) (Linum humile)
613,Thermus thermophilus (strain ATCC 27634 / DSM 579 / HB8)
614,Thermus phage PH75 (Bacteriophage PH75)
615,Mastigocladus laminosus (Fischerella sp.)
616,Streptomyces exfoliatus (Streptomyces hydrogenans)
617,Ginglymostoma cirratum (Nurse shark) (Squalus cirratus)
618,Archaeoglobus profundus (strain DSM 5631 / JCM 9629 / NBRC 100127 / Av18)
619,Enterococcus phage phiEF24C (Enterococcus bacteriophage phi-EF24C)
620,Apis mellifera (Honeybee)
621,Crassostrea gigas (Pacific oyster) (Crassostrea angulata)
622,Guinea pig cytomegalovirus (strain 22122) (GPCMV)
623,Saimiriine herpesvirus 2 (strain 484) (SaHV-2) (Herpesvirus saimiri)
624,Panicum mosaic virus (strain United States/Kansas 109S) (PMV)
625,Triticum aestivum (Wheat)
626,Enterobacter agglomerans (Erwinia herbicola) (Pantoea agglomerans)
627,Vibrio parahaemolyticus
628,Lactiplantibacillus pentosus (Lactobacillus pentosus)
629,Leptospira interrogans serogroup Icterohaemorrhagiae serovar Lai (strain 56601)
630,Magnetospirillum molischianum (Rhodospirillum molischianum)
631,Azorhizobium caulinodans (strain ATCC 43989 / DSM 5975 / JCM 20966 / LMG 6465 / NBRC 14845 / NCIMB 13405 / ORS 571)
632,Mycobacterium tuberculosis (strain CDC 1551 / Oshkosh)
633,Ictalurid herpesvirus 1 (strain Auburn) (IcHV-1) (Channel catfish herpesvirus)
634,Mytilus edulis (Blue mussel)
635,Salmonella muenchen
636,Cymbidium mosaic virus (strain Singapore)
637,Suid herpesvirus 1 (strain NIA-3) (SuHV-1) (Pseudorabies virus (strain NIA-3))
638,Streptomyces mycarofaciens
639,Strawberry mild yellow edge-associated virus (SMYEaV)
640,White bream virus (isolate Blicca bjoerkna L./Germany/DF24/00) (WBV)
641,Ostreococcus tauri
642,Pseudomonas sp. (strain NS671)
643,Plasmodium yoelii yoelii
644,Craterostigma plantagineum (Blue gem) (Torenia plantagineum)
645,Rhodopseudomonas palustris (strain ATCC BAA-98 / CGA009)
646,Poplar mosaic virus (isolate ATCC Pv275) (PMV)
647,Shewanella frigidimarina (strain NCIMB 400)
648,Pseudomonas syringae pv. tomato
649,Antithamnion sp. (Red alga)
650,Acetivibrio thermocellus (strain ATCC 27405 / DSM 1237 / JCM 9322 / NBRC 103400 / NCIMB 10682 / NRRL B-4536 / VPI 7372) (Hungateiclostridium thermocellum)
651,Solibacter usitatus (strain Ellin6076)
652,Vibrio parahaemolyticus serotype O3:K6 (strain RIMD 2210633)
653,Shigella dysenteriae
654,Lactobacillus paracasei (strain ATCC 334 / BCRC 17002 / CIP 107868 / KCTC 3260 / NRRL B-441)
655,Influenza A virus (strain A/Equine/Jillin/1/1989 H3N8)
656,Chlamydomonas moewusii (Chlamydomonas eugametos)
657,Pediococcus pentosaceus (strain ATCC 25745 / CCUG 21536 / LMG 10740 / 183-1w)
658,Levilactobacillus brevis (strain ATCC 367 / BCRC 12310 / CIP 105137 / JCM 1170 / LMG 11437 / NCIMB 947 / NCTC 947) (Lactobacillus brevis)
659,Leuconostoc mesenteroides subsp. mesenteroides (strain ATCC 8293 / DSM 20343 / BCRC 11652 / CCM 1803 / JCM 6124 / NCDO 523 / NBRC 100496 / NCIMB 8023 / NCTC 12954 / NRRL B-1118 / 37Y)
660,Nitrosomonas europaea (strain ATCC 19718 / CIP 103999 / KCTC 2705 / NBRC 14298)
661,Streptococcus agalactiae serotype III (strain NEM316)
662,Amycolatopsis lactamdurans (Nocardia lactamdurans)
663,Oenococcus oeni (strain ATCC BAA-331 / PSU-1)
664,Leptospira borgpetersenii serovar Hardjo-bovis (strain JB197)
665,Yersinia pseudotuberculosis
666,Buchnera aphidicola subsp. Cinara cedri (strain Cc)
667,Piper cenocladum (Ant piper)
668,Bigelowiella natans (Pedinomonas minutissima) (Chlorarachnion sp. (strain CCMP621))
669,Stigeoclonium helveticum (Green alga)
670,Trichoplusia ni ascovirus 2c (TnAV-2c)
671,African swine fever virus (strain Badajoz 1971 Vero-adapted) (Ba71V) (ASFV)
672,Bacillus sp. (strain TB-90)
673,Plantago asiatica mosaic potexvirus (P1AMV)
674,Potato virus X (strain HB) (PVX)
675,Rhodopseudomonas palustris (strain BisA53)
676,Bovine herpesvirus 1.2 (strain ST) (BoHV-1) (Infectious bovine rhinotracheitis virus)
677,Bacteroides fragilis (strain YCH46)
678,Beet yellows virus (isolate Ukraine) (BYV) (Sugar beet yellows virus)
679,Deerpox virus (strain Mule deer/United States/W-848-83/1983) (DPV)
680,Milk vetch dwarf virus (isolate N) (MDV)
681,Azotobacter vinelandii
682,Brassica oleracea var. viridis (Flowering kale) (Brassica oleracea var. acephala)
683,Puumala virus (strain Udmurtia/894CG/91)
684,Argas monolakensis (Mono lake bird tick)
685,Human T-cell leukemia virus 3 (strain Pyl43) (HTLV-3)
686,Alkalilimnicola ehrlichii (strain ATCC BAA-1101 / DSM 17681 / MLHE-1)
687,Nitrosomonas eutropha (strain DSM 101675 / C91 / Nm57)
688,Maricaulis maris (strain MCS10)
689,Syntrophomonas wolfei subsp. wolfei (strain DSM 2245B / Goettingen)
690,Burkholderia ambifaria (strain ATCC BAA-244 / AMMD) (Burkholderia cepacia (strain AMMD))
691,Granulibacter bethesdensis (strain ATCC BAA-1260 / CGDNIH1)
692,Hyphomonas neptunium (strain ATCC 15444)
693,Aspergillus terreus (strain NIH 2624 / FGSC A1156)
694,Spodoptera frugiperda ascovirus 1a (SfAV-1a)
695,Medicago truncatula (Barrel medic) (Medicago tribuloides)
696,Rotavirus X (isolate RVX/Human/Bangladesh/NADRV-B219/2002/GXP[X]) (RV ADRV-N) (Rotavirus (isolate novel adult diarrhea rotavirus-B219))
697,Synechococcus sp. (strain CC9311)
698,Pongo pygmaeus (Bornean orangutan)
699,Frankia alni (strain ACN14a)
700,Clostridium perfringens (strain SM101 / Type A)
701,Shigella flexneri serotype 5b (strain 8401)
702,Escherichia coli O6:K15:H31 (strain 536 / UPEC)
703,Clostridium perfringens (strain ATCC 13124 / DSM 756 / JCM 1290 / NCIMB 6125 / NCTC 8237 / Type A)
704,Phaeosphaeria nodorum (strain SN15 / ATCC MYA-4574 / FGSC 10173) (Glume blotch fungus) (Parastagonospora nodorum)
705,Alcanivorax borkumensis (strain ATCC 700651 / DSM 11573 / NCIMB 13689 / SK2)
706,Alkalimonas amylolytica
707,Trichodesmium erythraeum (strain IMS101)
708,Chelativorans sp. (strain BNC1)
709,Aspergillus parasiticus (strain ATCC 56775 / NRRL 5862 / SRRC 143 / SU-1)
710,Polaromonas sp. (strain JS666 / ATCC BAA-500)
711,Synechococcus sp. (strain ATCC 27264 / PCC 7002 / PR-6) (Agmenellum quadruplicatum)
712,Epichloe festucae var. lolii (Neotyphodium lolii) (Acremonium lolii)
713,Pseudoalteromonas atlantica (strain T6c / ATCC BAA-1087)
714,Anopheles albimanus (New world malaria mosquito)
715,Aedes aegypti (Yellowfever mosquito) (Culex aegypti)
716,Helicobacter acinonychis (strain Sheeba)
717,Clostridioides difficile (strain 630) (Peptoclostridium difficile)
718,Haloquadratum walsbyi (strain DSM 16790 / HBSQ001)
719,Elephantid herpesvirus 1 (isolate Asian elephant/Berlin/Kiba/1998) (EIHV-1) (Elephant endotheliotropic herpesvirus)
720,Invertebrate iridescent virus 3 (IIV-3) (Mosquito iridescent virus)
721,Simian immunodeficiency virus (isolate MB66) (SIV-cpz) (Chimpanzee immunodeficiency virus)
722,Chara vulgaris (Common stonewort)
723,Rubrobacter xylanophilus (strain DSM 9941 / NBRC 16129 / PRD-1)
724,Burkholderia cenocepacia (strain AU 1054)
725,Helicobacter pylori (strain HPAG1)
726,Myxococcus xanthus (strain DK1622)
727,Coccidioides immitis (strain RS) (Valley fever fungus)
728,Musa acuminata (Banana) (Musa cavendishii)
729,Lactobacillus delbrueckii subsp. bulgaricus (strain ATCC 11842 / DSM 20081 / BCRC 10696 / JCM 1002 / NBRC 13953 / NCIMB 11778 / NCTC 12712 / WDCM 00102 / Lb 14)
730,Ruegeria sp. (strain TM1040) (Silicibacter sp.)
731,Sphingopyxis alaskensis (strain DSM 13593 / LMG 18877 / RB2256) (Sphingomonas alaskensis)
732,Methylobacillus flagellatus (strain KT / ATCC 51484 / DSM 6875)
733,Koribacter versatilis (strain Ellin345)
734,Streptococcus pyogenes serotype M2 (strain MGAS10270)
735,Tetradesmus obliquus (Green alga) (Acutodesmus obliquus)
736,Citrus leprosis virus C (isolate Citrus sinesis/Brazil/Cordeiropolis/2003) (CiLV-C)
737,Encephalitozoon intestinalis (Microsporidian parasite)
738,Rhizobium leguminosarum bv. viciae (strain 3841)
739,Toxoplasma gondii (strain ATCC 50853 / GT1)
740,Psychrobacter cryohalolentis (strain ATCC BAA-1226 / DSM 17306 / VKM B-2378 / K5)
741,Chromohalobacter salexigens (strain ATCC BAA-138 / DSM 3043 / CIP 106854 / NCIMB 13768 / 1H11)
742,Escherichia coli (strain UTI89 / UPEC)
743,Rickettsia bellii (strain RML369-C)
744,Pyropia yezoensis (Susabi-nori) (Porphyra yezoensis)
745,Oltmannsiellopsis viridis (Marine flagellate) (Oltmannsiella viridis)
746,Saccharophagus degradans (strain 2-40 / ATCC 43961 / DSM 17024)
747,Rhodoferax ferrireducens (strain ATCC BAA-621 / DSM 15236 / T118) (Albidiferax ferrireducens)
748,Drosophila virilis (Fruit fly)
749,Cornu aspersum (Brown garden snail) (Helix aspersa)
750,Neospora caninum (Coccidian parasite)
751,His1 virus (isolate Australia/Victoria) (His1V) (Haloarcula hispanica virus 1)
752,Trypanosoma congolense
753,Macaca fuscata fuscata (Japanese macaque)
754,Jannaschia sp. (strain CCS1)
755,Drosophila pseudoobscura pseudoobscura (Fruit fly)
756,Staphylococcus aureus (strain USA300)
757,Methanospirillum hungatei JF-1 (strain ATCC 27890 / DSM 864 / NBRC 100397 / JF-1)
758,Staphylococcus aureus (strain NCTC 8325 / PS 47)
759,Novosphingobium aromaticivorans (strain ATCC 700278 / DSM 12444 / CCUG 56034 / CIP 105152 / NBRC 16084 / F199)
760,Neorickettsia sennetsu (strain ATCC VR-367 / Miyayama) (Ehrlichia sennetsu)
761,Elephas maximus (Indian elephant)
762,Anaeromyxobacter dehalogenans (strain 2CP-C)
763,Rhodopseudomonas palustris (strain HaA2)
764,Frankia casuarinae (strain DSM 45818 / CECT 9043 / CcI3)
765,Synechococcus sp. (strain JA-2-3B'a(2-13)) (Cyanobacteria bacterium Yellowstone B-Prime)
766,Synechococcus sp. (strain JA-3-3Ab) (Cyanobacteria bacterium Yellowstone A-Prime)
767,Rhizobium etli (strain CFN 42 / ATCC 51251)
768,Bordetella avium (strain 197N)
769,Syntrophus aciditrophicus (strain SB)
770,Erythrobacter litoralis (strain HTCC2594)
771,Methanosphaera stadtmanae (strain ATCC 43021 / DSM 3091 / JCM 11832 / MCB-3)
772,Sodalis glossinidius (strain morsitans)
773,Xanthomonas oryzae pv. oryzae (strain MAFF 311018)
774,Moorella thermoacetica (strain ATCC 39073 / JCM 9320)
775,Rhodospirillum rubrum (strain ATCC 11170 / ATH 1.1.1 / DSM 467 / LMG 4362 / NCIMB 8255 / S1)
776,Hahella chejuensis (strain KCTC 2396)
777,Burkholderia thailandensis (strain ATCC 700388 / DSM 13276 / CIP 106301 / E264)
778,Aspergillus oryzae (strain ATCC 42149 / RIB 40) (Yellow koji mold)
779,Magnetospirillum magneticum (strain AMB-1 / ATCC 700264)
780,Avian metapneumovirus (isolate Canada goose/Minnesota/15a/2001) (AMPV)
781,Nitrosospira multiformis (strain ATCC 25196 / NCIMB 11849 / C 71)
782,Staphylococcus aureus (strain bovine RF122 / ET3-1)
783,Sulfurimonas denitrificans (strain ATCC 33889 / DSM 1251) (Thiomicrospira denitrificans (strain ATCC 33889 / DSM 1251))
784,Desulfovibrio alaskensis (strain ATCC BAA 1058 / DSM 17464 / G20) (Desulfovibrio desulfuricans (strain G20))
785,Anser caerulescens (Snow goose) (Chen caerulescens)
786,Prochlorococcus marinus (strain MIT 9312)
787,Hydrogenovibrio crunogenus (strain DSM 25203 / XCL-2) (Thiomicrospira crunogena)
788,Zygnema circumcarinatum (Green alga)
789,Staurastrum punctulatum (Green alga) (Cosmoastrum punctulatum)
790,Trypanoplasma borreli
791,Fasciola hepatica (Liver fluke)
792,Symphalangus syndactylus (Siamang) (Hylobates syndactylus)
793,Lumbricus terrestris (Common earthworm)
794,Petromyzon marinus (Sea lamprey)
795,Theileria parva (East coast fever infection agent)
796,Dicentrarchus labrax (European seabass) (Morone labrax)
797,Plasmodium vivax
798,Acanthamoeba castellanii (Amoeba)
799,Artemia franciscana (Brine shrimp) (Artemia sanfranciscana)
800,Bacillus phage B103 (Bacteriophage B103)
801,Listeria phage A118 (Bacteriophage A118)
802,Streptococcus phage Cp-1 (Bacteriophage Cp-1)
803,Lactococcus phage r1t (Bacteriophage r1t)
804,Escherichia phage Mu (Bacteriophage Mu)
805,Trypanosoma brucei brucei (strain 927/4 GUTat10.1)
806,Lactobacillus sakei subsp. sakei (strain 23K)
807,Geobacter metallireducens (strain ATCC 53774 / DSM 7210 / GS-15)
808,Pelobacter carbinolicus (strain DSM 2380 / NBRC 103641 / GraBd1)
809,Carboxydothermus hydrogenoformans (strain ATCC BAA-161 / DSM 6008 / Z-2901)
810,Synechococcus sp. (strain CC9605)
811,Synechococcus sp. (strain CC9902)
812,Chlorobium luteolum (strain DSM 273 / BCRC 81028 / 2530) (Pelodictyon luteolum)
813,Xanthomonas campestris pv. vesicatoria (strain 85-10)
814,Pseudoalteromonas translucida (strain TAC 125)
815,Natronomonas pharaonis (strain ATCC 35678 / DSM 2160 / CIP 103997 / JCM 8858 / NBRC 14720 / NCIMB 2260 / Gabara) (Halobacterium pharaonis)
816,Burkholderia pseudomallei (strain 1710b)
817,Pseudomonas fluorescens (strain Pf0-1)
818,Canis lupus (Gray wolf)
819,Mycolicibacterium smegmatis (strain ATCC 700084 / mc(2)155) (Mycobacterium smegmatis)
820,Callithrix jacchus (White-tufted-ear marmoset)
821,Thiobacillus denitrificans (strain ATCC 25259)
822,Nitrobacter winogradskyi (strain ATCC 25391 / DSM 10237 / CIP 104748 / NCIMB 11846 / Nb-255)
823,Acidianus two-tailed virus (ATV)
824,Dehalococcoides mccartyi (strain ATCC BAA-2266 / KCTC 15142 / 195) (Dehalococcoides ethenogenes (strain 195))
825,Tupiella akineta (Green alga) (Pseudendoclonium akinetum)
826,Solanum pimpinellifolium (Currant tomato) (Lycopersicon pimpinellifolium)
827,Macrocystis pyrifera (Giant kelp) (Fucus pyrifer)
828,Petunia integrifolia (Violet-flowered petunia) (Salpiglossis integrifolia)
829,Cocos nucifera (Coconut palm)
830,Sorghum bicolor (Sorghum) (Sorghum vulgare)
831,Gluconacetobacter liquefaciens (Acetobacter liquefaciens)
832,Alcaligenes xylosoxydans xylosoxydans (Achromobacter xylosoxidans)
833,Aneurinibacillus migulanus (Bacillus migulanus)
834,Ralstonia solanacearum (Pseudomonas solanacearum)
835,Flavobacterium psychrophilum
836,Chlorobaculum thiosulfatiphilum (Chlorobium limicola f.sp. thiosulfatophilum)
837,Methanosarcina barkeri (strain Fusaro / DSM 804)
838,Prochlorococcus marinus (strain NATL2A)
839,Dechloromonas aromatica (strain RCB)
840,Thermobifida fusca (strain YX)
841,Colwellia psychrerythraea (strain 34H / ATCC BAA-681) (Vibrio psychroerythus)
842,Lactococcus lactis subsp. cremoris (strain MG1363)
843,Pseudomonas savastanoi pv. phaseolicola (strain 1448A / Race 6) (Pseudomonas syringae pv. phaseolicola (strain 1448A / Race 6))
844,Methylorubrum extorquens (strain ATCC 14718 / DSM 1338 / JCM 2805 / NCIMB 9133 / AM1) (Methylobacterium extorquens)
845,Tetraodon nigroviridis (Spotted green pufferfish) (Chelonodon nigroviridis)
846,Staphylococcus saprophyticus subsp. saprophyticus (strain ATCC 15305 / DSM 20229 / NCIMB 8711 / NCTC 7292 / S-41)
847,Mycoplasma synoviae (strain 53)
848,Mycoplasma hyopneumoniae (strain 7448)
849,Pelagibacter ubique (strain HTCC1062)
850,Psychrobacter arcticus (strain DSM 17307 / VKM B-2377 / 273-4)
851,Thalassiosira pseudonana (Marine diatom) (Cyclotella nana)
852,Emiliania huxleyi (Pontosphaera huxleyi)
853,Epichloe festucae (strain Fl1)
854,Corynebacterium jeikeium (strain K411)
855,Pseudomonas fluorescens (strain ATCC BAA-477 / NRRL B-23932 / Pf-5)
856,Streptococcus gordonii
857,Staphylococcus haemolyticus (strain JCSC1435)
858,Uncultured marine bacterium 66A03
859,Theileria annulata
860,Rickettsia felis (strain ATCC VR-1525 / URRWXCal2) (Rickettsia azadi)
861,Xanthomonas campestris pv. campestris (strain 8004)
862,Tupaia virus (isolate Tupaia/Thailand/-/1986) (TUPV)
863,Plasmodium berghei (strain Anka)
864,Microplitis demolitor bracovirus (isolate Webb) (MdBV)
865,Pseudomonas syringae pv. syringae (strain B728a)
866,Methylophilus methylotrophus (Bacterium W3A1)
867,Oxalobacter formigenes
868,Paracoccus pantotrophus (Thiosphaera pantotropha)
869,Xanthomonas campestris pv. campestris
870,Acidianus filamentous virus 2 (isolate Italy/Pozzuoli) (AFV-2)
871,Salmonella choleraesuis (strain SC-B67)
872,Comamonas testosteroni (Pseudomonas testosteroni)
873,Cryptosporidium hominis
874,Aliivibrio fischeri (strain ATCC 700601 / ES114) (Vibrio fischeri)
875,Hepatitis C virus (isolate Glasgow) (HCV)
876,Gluconobacter oxydans (strain 621H) (Gluconobacter suboxydans)
877,Wolbachia sp. subsp. Brugia malayi (strain TRS)
878,Xanthomonas oryzae pv. oryzae (strain KACC10331 / KXO85)
879,Staphylococcus aureus (strain COL)
880,Staphylococcus epidermidis (strain ATCC 35984 / RP62A)
881,Campylobacter jejuni (strain RM1221)
882,Notomys alexis (Spinifex hopping mouse)
883,Alternaria solani
884,Geobacillus kaustophilus (strain HTA426)
885,Bacteroides fragilis (strain ATCC 25285 / DSM 2151 / CCUG 4856 / JCM 11019 / NCTC 9343 / Onslow)
886,Ruegeria pomeroyi (strain ATCC 700808 / DSM 15171 / DSS-3) (Silicibacter pomeroyi)
887,Streptococcus thermophilus (strain ATCC BAA-250 / LMG 18311)
888,Synechococcus sp. (strain ATCC 27144 / PCC 6301 / SAUG 1402/1) (Anacystis nidulans)
889,Poinsettia latent virus (isolate Euphorbia pulcherrima/Germany/Siepen/2005) (PnLV) (Poinsettia cryptic virus)
890,Francisella tularensis subsp. tularensis (strain SCHU S4 / Schu 4)
891,Zymomonas mobilis subsp. mobilis (strain ATCC 31821 / ZM4 / CP4)
892,Aromatoleum aromaticum (strain EbN1) (Azoarcus sp. (strain EbN1))
893,Salmonella paratyphi A (strain ATCC 9150 / SARB42)
894,Idiomarina loihiensis (strain ATCC BAA-735 / DSM 15497 / L2-TR)
895,Phytophthora infestans (Potato late blight agent) (Botrytis infestans)
896,Huperzia lucidula (Shining clubmoss) (Lycopodium lucidulum)
897,Acanthamoeba polyphaga mimivirus (APMV)
898,Haloarcula marismortui (strain ATCC 43049 / DSM 3752 / JCM 8966 / VKM B-1809) (Halobacterium marismortui)
899,Serratia sp. (strain ATCC 39006)
900,Bacillus clausii (strain KSM-K16)
901,Legionella pneumophila (strain Lens)
902,Legionella pneumophila (strain Paris)
903,Streptococcus pyogenes serotype M6 (strain ATCC BAA-946 / MGAS10394)
904,Nocardia farcinica (strain IFM 10152)
905,Methylococcus capsulatus (strain ATCC 33009 / NCIMB 11132 / Bath)
906,Mesocricetus auratus (Golden hamster)
907,Burkholderia mallei (strain ATCC 23344)
908,Burkholderia pseudomallei (strain K96243)
909,Fowl adenovirus A serotype 1 (strain CELO / Phelps) (FAdV-1) (Avian adenovirus gal1 (strain Phelps))
910,Apple stem pitting virus (isolate PA66) (ASPV)
911,Adelaide River virus (ARV)
912,African swine fever virus (isolate Tick/Malawi/Lil 20-1/1983) (ASFV)
913,Banana bunchy top virus (isolate Autralia) (BBTV)
914,Beet necrotic yellow vein virus (isolate Japan/S) (BNYVV)
915,Canine distemper virus (strain Convac vaccine) (CDV)
916,Bacillus licheniformis (strain ATCC 14580 / DSM 13 / JCM 2505 / CCUG 7422 / NBRC 12200 / NCIMB 9375 / NCTC 10341 / NRRL NRS-1264 / Gibson 46)
917,Mannheimia succiniciproducens (strain MBEL55E)
918,Cryphonectria parasitica mycoreovirus 1 (strain 9B21) (CpMYRV-1)
919,Colorado tick fever virus (strain USA/Florio N-7180) (CTFV)
920,Cassava vein mosaic virus (CsVMV)
921,Duck hepatitis B virus (isolate Shanghai/DHBVQCA34) (DHBV)
922,Equine herpesvirus 2 (strain 86/87) (EHV-2)
923,Reston ebolavirus (strain Reston-89) (REBOV) (Reston Ebola virus)
924,Yersinia pseudotuberculosis serotype I (strain IP32953)
925,Fragaria ananassa (Strawberry) (Fragaria chiloensis x Fragaria virginiana)
926,Miscanthus streak virus (isolate 91) (MiSV)
927,Symbiobacterium thermophilum (strain T / IAM 14863)
928,Rickettsia typhi (strain ATCC VR-144 / Wilmington)
929,Cutibacterium acnes (strain DSM 16379 / KPA171202) (Propionibacterium acnes)
930,Leifsonia xyli subsp. xyli (strain CTCB07)
931,Desulfotalea psychrophila (strain LSv54 / DSM 12343)
932,Gracilaria tenuistipitata var. liui (Red alga)
933,Debaryomyces hansenii (strain ATCC 36239 / CBS 767 / BCRC 21394 / JCM 1990 / NBRC 0083 / IGC 2968) (Yeast) (Torulaspora hansenii)
934,Pectobacterium atrosepticum (strain SCRI 1043 / ATCC BAA-672) (Erwinia carotovora subsp. atroseptica)
935,Influenza A virus (strain A/Teal/China/2978.1/2002 H5N1 genotype W)
936,Maize mosaic virus (isolate Maize/United States/Reed/2005) (MMV)
937,Mesoplasma florum (strain ATCC 33453 / NBRC 100688 / NCTC 11704 / L1) (Acholeplasma florum)
938,Candida glabrata (strain ATCC 2001 / CBS 138 / JCM 3761 / NBRC 0622 / NRRL Y-65) (Yeast) (Torulopsis glabrata)
939,Bartonella quintana (strain Toulouse) (Rochalimaea quintana)
940,Staphylococcus aureus (strain MSSA476)
941,Staphylococcus aureus (strain MRSA252)
942,Frog virus 3 (isolate Goorha) (FV-3)
943,Bacillus thuringiensis subsp. konkukian (strain 97-27)
944,Brassica oleracea (Wild cabbage)
945,Pinus taeda (Loblolly pine)
946,Picrophilus torridus (strain ATCC 700027 / DSM 9790 / JCM 10055 / NBRC 100828)
947,Photobacterium profundum (strain SS9)
948,Methanococcus maripaludis (strain S2 / LL)
949,Protochlamydia amoebophila (strain UWE25)
950,Mycoplasma mycoides subsp. mycoides SC (strain PG1)
951,Corynebacterium diphtheriae (strain ATCC 700971 / NCTC 13129 / Biotype gravis)
952,Human coronavirus NL63 (HCoV-NL63)
953,European mountain ash ringspot-associated virus (isolate Sorbus aucuparia) (EMARAV)
954,Leptosphaeria maculans (Blackleg fungus) (Phoma lingam)
955,Ostreid herpesvirus 1 (isolate France) (OsHV-1) (Pacific oyster herpesvirus)
956,Human cytomegalovirus (strain Merlin) (HHV-5) (Human herpesvirus 5)
957,Equine herpesvirus 1 (strain V592) (EHV-1) (Equine abortion virus)
958,Yaba monkey tumor virus (strain VR587) (YMTV)
959,Psittacid herpesvirus 1 (isolate Amazon parrot/-/97-0001/1997) (PsHV-1) (Pacheco's disease virus)
960,Sulfolobus virus-like particle SSV2
961,Streptomyces vinaceus
962,Escherichia phage T1 (Bacteriophage T1)
963,Pectobacterium parmentieri
964,Acidianus filamentous virus 1 (isolate United States/Yellowstone) (AFV-1)
965,Listeria monocytogenes serotype 4b (strain F2365)
966,Mycolicibacterium paratuberculosis (strain ATCC BAA-968 / K-10) (Mycobacterium paratuberculosis)
967,Ashbya gossypii (strain ATCC 10895 / CBS 109.51 / FGSC 9923 / NRRL Y-1056) (Yeast) (Eremothecium gossypii)
968,Human immunodeficiency virus type 1 group O (isolate ANT70) (HIV-1)
969,Onion yellows phytoplasma (strain OY-M)
970,Porphyromonas gingivalis (strain ATCC BAA-308 / W83)
971,Photorhabdus laumondii subsp. laumondii (strain DSM 15139 / CIP 105565 / TT01)
972,Chromobacterium violaceum (strain ATCC 12472 / DSM 30191 / JCM 1249 / NBRC 12614 / NCIMB 9131 / NCTC 9757)
973,Anopheles gambiae (African malaria mosquito)
974,Canine coronavirus (strain BGF10) (CCoV) (Canine enteric coronavirus)
975,Turnip crinkle virus (TCV)
976,Rhodopirellula baltica (strain DSM 10527 / NCIMB 13988 / SH1)
977,Prochlorococcus marinus subsp. pastoris (strain CCMP1986 / NIES-2087 / MED4)
978,Helicobacter hepaticus (strain ATCC 51449 / 3B1)
979,Blochmannia floridanus
980,Bordetella parapertussis (strain 12822 / ATCC BAA-587 / NCTC 13253)
981,Bordetella bronchiseptica (strain ATCC BAA-588 / NCTC 13252 / RB50) (Alcaligenes bronchisepticus)
982,Clostridium beijerinckii (Clostridium MP)
983,Trypanosoma cruzi (strain CL Brener)
984,Mink astrovirus 1 (MAstV-1)
985,Bacillus cereus (strain ATCC 14579 / DSM 31 / CCUG 7414 / JCM 2152 / NBRC 15305 / NCIMB 9373 / NCTC 2599 / NRRL B-3711)
986,Chlamydophila caviae (strain ATCC VR-813 / DSM 19441 / GPIC) (Chlamydia caviae)
987,Avian infectious bursal disease virus (isolate Chicken/UK/UK661/1989) (IBDV) (Gumboro disease virus)
988,Lettuce infectious yellows virus (isolate United States/92) (LIYV)
989,Coxiella burnetii (strain RSA 493 / Nine Mile phase I)
990,Tropheryma whipplei (strain TW08/27) (Whipple's bacillus)
991,Methylobacillus sp. (strain 12S)
992,Oliveros mammarenavirus (isolate Mouse/Argentina/RIID 3229/1990) (OLVV)
993,Paramecium bursaria Chlorella virus 1 (PBCV-1)
994,Pea enation mosaic virus-1 (strain WSG) (PEMV-1)
995,Taxus cuspidata (Japanese yew)
996,Anthoceros angustus (Hornwort) (Anthoceros formosae)
997,Cyanidioschyzon merolae (strain 10D) (Red alga)
998,Diadromus pulchellus idnoreovirus 1 (DpIRV-1)
999,Rotavirus B (isolate RVB/Rat/United States/IDIR/1984/G1P[X]) (RV-B) (Rotavirus B (isolate infectious diarrhea of infant rats))
1000,Hydra vulgaris (Hydra) (Hydra attenuata)
1001,Subterranean clover stunt virus (strain F) (SCSV)
1002,Saccharomyces uvarum (strain ATCC 76518 / CBS 7001 / CLIB 283 / NBRC 10550 / MCYC 623 / NCYC 2669 / NRRL Y-11845) (Yeast) (Saccharomyces bayanus var. uvarum)
1003,Xylella fastidiosa (strain Temecula1 / ATCC 700964)
1004,Pseudomonas syringae pv. tomato (strain ATCC BAA-871 / DC3000)
1005,Spiroplasma virus SpV1-C74 (SpV1)
1006,Walleye dermal sarcoma virus (WDSV)
1007,Lactobacillus plantarum (strain ATCC BAA-793 / NCIMB 8826 / WCFS1)
1008,Sugarcane streak virus (isolate South Africa) (SSV) (Sugarcane streak virus (isolate Natal))
1009,Clostridium tetani (strain Massachusetts / E88)
1010,Cocksfoot mottle virus (isolate Dactylis glomerata/Norway/CfMV-NO/1995) (CfMV)
1011,Buchnera aphidicola subsp. Baizongia pistaciae (strain Bp)
1012,Bacteroides thetaiotaomicron (strain ATCC 29148 / DSM 2079 / JCM 5827 / CCUG 10774 / NCTC 10582 / VPI-5482 / E50)
1013,Simian immunodeficiency virus (isolate TAN1) (SIV-cpz) (Chimpanzee immunodeficiency virus)
1014,Cricetulus griseus (Chinese hamster) (Cricetulus barabensis griseus)
1015,Oceanobacillus iheyensis (strain DSM 14371 / CIP 107618 / JCM 11309 / KCTC 3954 / HTE831)
1016,Wigglesworthia glossinidia brevipalpis
1017,Vibrio vulnificus (strain CMCP6)
1018,Streptococcus pneumoniae (strain ATCC BAA-255 / R6)
1019,Shewanella oneidensis (strain MR-1)
1020,Bifidobacterium longum (strain NCC 2705)
1021,Paenarthrobacter nicotinovorans (Arthrobacter nicotinovorans)
1022,Pseudomonas resinovorans
1023,Gibberella moniliformis (strain M3125 / FGSC 7600) (Maize ear and stalk rot fungus) (Fusarium verticillioides)
1024,Aquareovirus C (isolate Golden shiner/USA/GSRV/1977) (AQRV-C)
1025,Chlorobaculum tepidum (strain ATCC 49652 / DSM 12025 / NBRC 103806 / TLS) (Chlorobium tepidum)
1026,Tetragenococcus halophilus (Pediococcus halophilus)
1027,Chaetosphaeridium globosum (Charophycean green alga) (Herposteiron globosum)
1028,Macaca mulatta (Rhesus macaque)
1029,Leishmania tropica
1030,Trichomonas vaginalis
1031,Dugesia japonica (Planarian)
1032,Ctenocephalides felis (Cat flea)
1033,Lecanicillium sp.
1034,Tetrahymena thermophila
1035,Stachybotrys chartarum (strain CBS 109288 / IBT 7711) (Toxic black mold) (Stilbospora chartarum)
1036,Stachybotrys chlorohalonata (strain IBT 40285)
1037,Fungal sp. (strain NRRL 50135)
1038,Emericella variicolor (Aspergillus stellatus)
1039,Gibberella zeae (strain ATCC MYA-4620 / CBS 123657 / FGSC 9075 / NRRL 31084 / PH-1) (Wheat head blight fungus) (Fusarium graminearum)
1040,Haloarcula japonica (strain ATCC 49778 / DSM 6131 / JCM 7785 / NBRC 101032 / NCIMB 13157 / TR-1)
1041,Penicillium expansum (Blue mold rot fungus)
1042,Humulus lupulus (European hop)
1043,Fusarium oxysporum (Fusarium vascular wilt)
1044,Cucumis melo (Muskmelon)
1045,Penicillium crustosum (Blue mold fungus)
1046,Methanosarcina thermophila (strain ATCC 43570 / DSM 1825 / OCM 12 / VKM B-1830 / TM-1)
1047,Salmonella typhimurium (strain 14028s / SGSC 2262)
1048,Pseudomonas aeruginosa (strain UCBPP-PA14)
1049,Vibrio cholerae serotype O1 (strain ATCC 39541 / Classical Ogawa 395 / O395)
1050,Listeria monocytogenes serotype 1/2a (strain 10403S)
1051,Mycobacterium bovis (strain BCG / Pasteur 1173P2)
1052,Chlamydia trachomatis serovar L2 (strain 434/Bu / ATCC VR-902B)
1053,Haloferax gibbonsii
1054,Calcarisporium arbuscula (Dendryphion arbuscula)
1055,Aspergillus desertorum (Emericella desertorum)
1056,Plasmopara halstedii (Downy mildew of sunflower)
1057,Talaromyces islandicus (Penicillium islandicum)
1058,Ustilago maydis (Corn smut fungus)
1059,Thermoanaerobacterium sp.
1060,Penicillium simplicissimum
1061,Alternaria alternata (Alternaria rot fungus) (Torula alternata)
1062,Purpureocillium lilacinum (Paecilomyces lilacinus)
1063,Sordaria araneosa (Pleurage araneosa)
1064,Planococcus maritimus
1065,Penicillium decumbens
1066,Halomonas zhaodongensis
1067,Psilocybe cyanescens
1068,Paenibacillus larvae subsp. larvae (strain NRRL B-3650 / LMG 16245)
1069,Hypoxylon pulicicidum
1070,Aspergillus japonicus
1071,Phoma sp. (strain ATCC 20986 / MF5453)
1072,Aspergillus burnettii
1073,Byssochlamys spectabilis (Paecilomyces variotii)
1074,Listeria welshimeri serovar 6b (strain ATCC 35897 / DSM 20650 / CIP 8149 / NCTC 11857 / SLCC 5334 / V8)
1075,Drosophila simulans (Fruit fly)
1076,Beauveria bassiana (White muscardine disease fungus) (Tritirachium shiotae)
1077,Burkholderia cenocepacia (strain HI2424)
1078,Shewanella sp. (strain ANA-3)
1079,Magnetococcus marinus (strain ATCC BAA-1437 / JCM 17883 / MC-1)
1080,Syntrophobacter fumaroxidans (strain DSM 10017 / MPOB)
1081,Acidothermus cellulolyticus (strain ATCC 43068 / DSM 8971 / 11B)
1082,Gramella forsetii (strain KT0803)
1083,Papio anubis (Olive baboon)
1084,Porcine reproductive and respiratory syndrome virus (isolate Pig/United States/SD 01-08/2001) (PRRSV)
1085,Mycobacterium ulcerans (strain Agy99)
1086,Clostridium novyi (strain NT)
1087,Mycobacterium avium (strain 104)
1088,Campylobacter fetus subsp. fetus (strain 82-40)
1089,Cenarchaeum symbiosum (strain A)
1090,Phaeodactylum tricornutum (strain CCAP 1055/1)
1091,Gossypium barbadense (Sea-island cotton) (Egyptian cotton)
1092,Bifidobacterium adolescentis (strain ATCC 15703 / DSM 20083 / NCTC 11814 / E194a)
1093,Escherichia coli O1:K1 / APEC
1094,Pelobacter propionicus (strain DSM 2379 / NBRC 103807 / OttBd1)
1095,Chlorobium phaeobacteroides (strain DSM 266)
1096,Streptococcus parasanguinis
1097,Aspergillus clavatus (strain ATCC 1007 / CBS 513.65 / DSM 816 / NCTC 3887 / NRRL 1 / QM 1276 / 107)
1098,Neosartorya fischeri (strain ATCC 1020 / DSM 3700 / CBS 544.65 / FGSC A1164 / JCM 1740 / NRRL 181 / WB 181) (Aspergillus fischerianus)
1099,Agrostis stolonifera (Creeping bentgrass)
1100,Zinnia violacea (Garden zinnia) (Zinnia elegans)
1101,Yersinia enterocolitica serotype O:8 / biotype 1B (strain NCTC 13174 / 8081)
1102,Azoarcus sp. (strain BH72)
1103,Neisseria meningitidis serogroup C / serotype 2a (strain ATCC 700532 / DSM 15464 / FAM18)
1104,Borrelia turicatae (strain 91E135)
1105,Pyrobaculum islandicum (strain DSM 4184 / JCM 9189 / GEO3)
1106,Thermofilum pendens (strain DSM 2475 / Hrk 5)
1107,Nocardioides sp. (strain ATCC BAA-499 / JS614)
1108,Psychromonas ingrahamii (strain 37)
1109,Acidovorax citrulli (strain AAC00-1) (Acidovorax avenae subsp. citrulli)
1110,Marinobacter hydrocarbonoclasticus (strain ATCC 700491 / DSM 11845 / VT8)
1111,Mycobacterium sp. (strain KMS)
1112,Burkholderia mallei (strain SAVP1)
1113,Desulfovibrio vulgaris subsp. vulgaris (strain DP4)
1114,Polaromonas naphthalenivorans (strain CJ2)
1115,Campylobacter jejuni subsp. jejuni serotype O:23/36 (strain 81-176)
1116,Acidovorax sp. (strain JS42)
1117,Verminephrobacter eiseniae (strain EF01-2)
1118,Hyperthermus butylicus (strain DSM 5456 / JCM 9403 / PLM1-5)
1119,Prochlorococcus marinus (strain AS9601)
1120,Prochlorococcus marinus (strain MIT 9515)
1121,Prochlorococcus marinus (strain NATL1A)
1122,Prochlorococcus marinus (strain MIT 9303)
1123,Aspergillus niger (strain CBS 513.88 / FGSC A1513)
1124,Streptococcus pyogenes serotype M5 (strain Manfredo)
1125,Burkholderia mallei (strain NCTC 10229)
1126,Methylibium petroleiphilum (strain ATCC BAA-1232 / LMG 22953 / PM1)
1127,Methanocorpusculum labreanum (strain ATCC 43576 / DSM 4855 / Z)
1128,Oryza sativa subsp. indica (Rice)
1129,Methanoculleus marisnigri (strain ATCC 35101 / DSM 1498 / JR1)
1130,Bat coronavirus HKU4 (BtCoV) (BtCoV/HKU4/2004)
1131,Bat coronavirus HKU9 (BtCoV) (BtCoV/HKU9)
1132,Scheffersomyces stipitis (strain ATCC 58785 / CBS 6054 / NBRC 10063 / NRRL Y-11545) (Yeast) (Pichia stipitis)
1133,Pyrobaculum calidifontis (strain DSM 21063 / JCM 11548 / VA1)
1134,Burkholderia pseudomallei (strain 668)
1135,Burkholderia pseudomallei (strain 1106a)
1136,Rhodobacter sphaeroides (strain ATCC 17029 / ATH 2.4.9)
1137,Trichophyton rubrum (Athlete's foot fungus) (Epidermophyton rubrum)
1138,Leishmania infantum
1139,Geobacillus thermodenitrificans (strain NG80-2)
1140,Desulfotomaculum reducens (strain MI-1)
1141,Burkholderia vietnamiensis (strain G4 / LMG 22486) (Burkholderia cepacia (strain R1808))
1142,Rebecca salina (Marine microalga) (Pavlova salina)
1143,Heliothis virescens ascovirus 3e (HvAV-3e)
1144,Corynebacterium glutamicum (strain R)
1145,Aeromonas salmonicida (strain A449)
1146,Yersinia pestis (strain Pestoides F)
1147,Pseudomonas stutzeri (strain A1501)
1148,Streptococcus suis (strain 05ZYH33)
1149,Enterobacter sp. (strain 638)
1150,Salinispora tropica (strain ATCC BAA-916 / DSM 44818 / CNB-440)
1151,Metallosphaera sedula (strain ATCC 51363 / DSM 5348 / JCM 9185 / NBRC 15509 / TH2)
1152,Bradyrhizobium sp. (strain ORS 278)
1153,Acidianus bottle-shaped virus (isolate Italy/Pozzuoli) (ABV)
1154,Orientia tsutsugamushi (strain Boryong) (Rickettsia tsutsugamushi)
1155,Vesicomyosocius okutanii subsp. Calyptogena okutanii (strain HA)
1156,Pelotomaculum thermopropionicum (strain DSM 13744 / JCM 10971 / SI)
1157,Meyerozyma guilliermondii (strain ATCC 6260 / CBS 566 / DSM 6381 / JCM 1539 / NBRC 10279 / NRRL Y-324) (Yeast) (Candida guilliermondii)
1158,Lodderomyces elongisporus (strain ATCC 11503 / CBS 2605 / JCM 1781 / NBRC 1676 / NRRL YB-4239) (Yeast) (Saccharomyces elongisporus)
1159,Flavobacterium johnsoniae (strain ATCC 17061 / DSM 2064 / JCM 8514 / NBRC 14942 / NCIMB 11054 / UW101) (Cytophaga johnsonae)
1160,Dehalococcoides mccartyi (strain ATCC BAA-2100 / JCM 16839 / KCTC 5957 / BAV1)
1161,Acidiphilium cryptum (strain JF-5)
1162,Geobacter uraniireducens (strain Rf4) (Geobacter uraniumreducens)
1163,Synechococcus sp. (strain WH7803)
1164,Synechococcus sp. (strain RCC307)
1165,Clostridium botulinum (strain Hall / ATCC 3502 / NCTC 13319 / Type A)
1166,Legionella pneumophila (strain Corby)
1167,Thermotoga petrophila (strain ATCC BAA-488 / DSM 13995 / JCM 10881 / RKU-1)
1168,Staphylococcus aureus (strain JH9)
1169,Mycobacterium tuberculosis (strain ATCC 25177 / H37Ra)
1170,Haemophilus influenzae (strain PittEE)
1171,Methanobrevibacter smithii (strain ATCC 35061 / DSM 861 / OCM 144 / PS)
1172,Roseiflexus sp. (strain RS-1)
1173,Sphingomonas wittichii (strain RW1 / DSM 6014 / JCM 10273)
1174,Brucella ovis (strain ATCC 25840 / 63/290 / NCTC 10512)
1175,Pseudomonas putida (strain ATCC 700007 / DSM 6899 / BCRC 17059 / F1)
1176,Psychrobacter sp. (strain PRwf-1)
1177,Gnetum parvifolium (Small-leaved jointfir) (Gnetum scandens var. parvifolium)
1178,Flavobacterium psychrophilum (strain ATCC 49511 / DSM 21280 / CIP 103535 / JIP02/86)
1179,Phocaeicola vulgatus (strain ATCC 8482 / DSM 1447 / JCM 5826 / CCUG 4940 / NBRC 14291 / NCTC 11154) (Bacteroides vulgatus)
1180,Parabacteroides distasonis (strain ATCC 8503 / DSM 20701 / CIP 104284 / JCM 5825 / NCTC 11152)
1181,Clostridium beijerinckii (strain ATCC 51743 / NCIMB 8052) (Clostridium acetobutylicum)
1182,Rhodomonas salina (Cryptomonas salina)
1183,Nitratiruptor sp. (strain SB155-2)
1184,Sulfurovum sp. (strain NBC37-1)
1185,Ajellomyces capsulatus (strain NAm1 / WU24) (Darling's disease fungus) (Histoplasma capsulatum)
1186,Janthinobacterium sp. (strain Marseille) (Minibacterium massiliensis)
1187,Klebsiella pneumoniae subsp. pneumoniae (strain ATCC 700721 / MGH 78578)
1188,Methanococcus vannielii (strain ATCC 35089 / DSM 1224 / JCM 13029 / OCM 148 / SB)
1189,Methanococcus aeolicus (strain ATCC BAA-1280 / DSM 17508 / OCM 812 / Nankai-3)
1190,Pseudomonas aeruginosa (strain PA7)
1191,Actinobacillus succinogenes (strain ATCC 55618 / DSM 22257 / CCUG 43843 / 130Z)
1192,Brucella anthropi (strain ATCC 49188 / DSM 6882 / CCUG 24695 / JCM 21032 / LMG 3331 / NBRC 15819 / NCTC 12168 / Alc 37) (Ochrobactrum anthropi)
1193,Pleurastrum terricola (Filamentous green alga) (Leptosira terrestris)
1194,Saccharomyces cerevisiae (strain YJM789) (Baker's yeast)
1195,Sclerotinia sclerotiorum (strain ATCC 18683 / 1980 / Ss-1) (White mold) (Whetzelinia sclerotiorum)
1196,Yersinia pseudotuberculosis serotype O:1b (strain IP 31758)
1197,Bacillus cytotoxicus (strain DSM 22905 / CIP 110041 / 391-98 / NVH 391-98)
1198,Campylobacter jejuni subsp. doylei (strain ATCC BAA-1458 / RM4099 / 269.97)
1199,Anaeromyxobacter sp. (strain Fw109-5)
1200,Fervidobacterium nodosum (strain ATCC 35602 / DSM 5306 / Rt17-B1)
1201,Campylobacter hominis (strain ATCC BAA-381 / LMG 19568 / NCTC 13146 / CH001A)
1202,Methanoregula boonei (strain DSM 21154 / JCM 14090 / 6A8)
1203,Xanthobacter autotrophicus (strain ATCC BAA-1158 / Py2)
1204,Cuscuta gronovii (Common dodder)
1205,Cronobacter sakazakii (strain ATCC BAA-894) (Enterobacter sakazakii)
1206,Vibrio campbellii (strain ATCC BAA-1116 / BB120)
1207,Francisella tularensis subsp. holarctica (strain FTNF002-00 / FTA)
1208,Roseiflexus castenholzii (strain DSM 13941 / HLO8)
1209,Vitis vinifera (Grape)
1210,Nematostella vectensis (Starlet sea anemone)
1211,Vanderwaltozyma polyspora (strain ATCC 22028 / DSM 70294 / BCRC 21397 / CBS 2163 / NBRC 10782 / NRRL Y-8283 / UCD 57-17) (Kluyveromyces polysporus)
1212,Drosophila melanogaster sigma virus (isolate Drosophila/USA/AP30/2005) (DMelSV)
1213,Mus pahari (Gairdner's shrew-mouse) (Coelomys pahari)
1214,Bacillus velezensis (strain DSM 23117 / BGSC 10A6 / FZB42) (Bacillus amyloliquefaciens subsp. plantarum)
1215,Escherichia coli O139:H28 (strain E24377A / ETEC)
1216,Escherichia coli O9:H4 (strain HS)
1217,Ignicoccus hospitalis (strain KIN4/I / DSM 18386 / JCM 14125)
1218,Citrobacter koseri (strain ATCC BAA-895 / CDC 4225-83 / SGSC4696)
1219,Streptococcus gordonii (strain Challis / ATCC 35105 / BCRC 15272 / CH1 / DL1 / V288)
1220,Claviceps fusiformis (Ergot fungus)
1221,Arcobacter butzleri (strain RM4018)
1222,Rickettsia canadensis (strain McKiel)
1223,Shewanella sediminis (strain HAW-EB3)
1224,Prochlorococcus marinus (strain MIT 9215)
1225,Serratia proteamaculans (strain 568)
1226,Frankia sp. (strain EAN1pec)
1227,Caldivirga maquilingensis (strain ATCC 700844 / DSM 13496 / JCM 10307 / IC-167)
1228,Coprinopsis cinerea (strain Okayama-7 / 130 / ATCC MYA-4618 / FGSC 9003) (Inky cap fungus) (Hormographiella aspergillata)
1229,Malassezia globosa (strain ATCC MYA-4612 / CBS 7966) (Dandruff-associated fungus)
1230,Lactobacillus helveticus (strain DPC 4571)
1231,Sulcia muelleri (strain GWSS)
1232,Desulfococcus oleovorans (strain DSM 6200 / JCM 39069 / Hxd3)
1233,Prochlorococcus marinus (strain MIT 9211)
1234,Petrotoga mobilis (strain DSM 10674 / SJ95)
1235,Snake adenovirus serotype 1 (SnAdV-1)
1236,Sorangium cellulosum (strain So ce56) (Polyangium cellulosum (strain So ce56))
1237,Gluconacetobacter diazotrophicus (strain ATCC 49037 / DSM 5601 / CCUG 37298 / CIP 103539 / LMG 7603 / PAl5)
1238,Bordetella petrii (strain ATCC BAA-461 / DSM 12804 / CCUG 43448)
1239,Bartonella tribocorum (strain CIP 105476 / IBS 506)
1240,Lachnoclostridium phytofermentans (strain ATCC 700394 / DSM 18823 / ISDg) (Clostridium phytofermentans)
1241,Salmonella arizonae (strain ATCC BAA-731 / CDC346-86 / RSK2980)
1242,Salmonella paratyphi B (strain ATCC BAA-1250 / SPB7)
1243,Acholeplasma laidlawii (strain PG-8A)
1244,Picea sitchensis (Sitka spruce) (Pinus sitchensis)
1245,Monosiga brevicollis (Choanoflagellate)
1246,Bacillus mycoides (strain KBAB4) (Bacillus weihenstephanensis)
1247,Methylorubrum extorquens (strain PA1) (Methylobacterium extorquens)
1248,Acaryochloris marina (strain MBIC 11017)
1249,Laccaria bicolor (strain S238N-H82 / ATCC MYA-4686) (Bicoloured deceiver) (Laccaria laccata var. bicolor)
1250,Microcystis aeruginosa (strain NIES-843)
1251,Halobacterium salinarum (strain ATCC 29341 / DSM 671 / R1)
1252,Xanthomonas campestris pv. campestris (strain B100)
1253,Leptospira biflexa serovar Patoc (strain Patoc 1 / Ames)
1254,Caulobacter sp. (strain K31)
1255,Heliobacterium modesticaldum (strain ATCC 51547 / Ice1)
1256,Francisella philomiragia subsp. philomiragia (strain ATCC 25017 / FSC 153 / O#319-036)
1257,Xylella fastidiosa (strain M12)
1258,Histophilus somni (strain 2336) (Haemophilus somnus)
1259,Neosartorya fumigata (strain CEA10 / CBS 144.89 / FGSC A1163) (Aspergillus fumigatus)
1260,Elsinoe fawcettii (Citrus scab fungus) (Sphaceloma fawcettii)
1261,Ureaplasma parvum serovar 3 (strain ATCC 27815 / 27 / NCTC 11736)
1262,Sophora flavescens (Ku shen)
1263,Endomicrobium trichonymphae
1264,Lysinibacillus sphaericus (strain C3-41)
1265,Desulforudis audaxviator (strain MP104C)
1266,Streptococcus pneumoniae (strain Hungary19A-6)
1267,Yersinia pseudotuberculosis serotype O:3 (strain YPIII)
1268,Burkholderia cenocepacia (strain MC0-3)
1269,Shewanella woodyi (strain ATCC 51908 / MS32)
1270,Korarchaeum cryptofilum (strain OPF8)
1271,Mycobacteroides abscessus (strain ATCC 19977 / DSM 44196 / CIP 104536 / JCM 13569 / NCTC 13031 / TMC 1543) (Mycobacterium abscessus)
1272,Lolium latent virus (isolate Lolium/USA/US1/-) (LoLV)
1273,Phytoplasma australiense
1274,Corynebacterium urealyticum (strain ATCC 43042 / DSM 7109)
1275,Streptomyces griseus subsp. griseus (strain JCM 4626 / NBRC 13350)
1276,Crocosphaera subtropica (strain ATCC 51142 / BH68) (Cyanothece sp. (strain ATCC 51142))
1277,Paulinella chromatophora
1278,Leptothrix cholodnii (strain ATCC 51168 / LMG 8142 / SP-6) (Leptothrix discophora (strain SP-6))
1279,Exiguobacterium sibiricum (strain DSM 17290 / CIP 109462 / JCM 13490 / 255-15)
1280,Burkholderia ambifaria (strain MC40-6)
1281,Opitutus terrae (strain DSM 11246 / JCM 15787 / PB90-1)
1282,Natranaerobius thermophilus (strain ATCC BAA-1301 / DSM 18059 / JW/NM-WN-LF)
1283,Aquareovirus G (isolate American grass carp/USA/PB01-155/-) (AQRV-G)
1284,Kocuria rhizophila (strain ATCC 9341 / DSM 348 / NBRC 103217 / DC2201)
1285,Mycobacterium marinum (strain ATCC BAA-535 / M)
1286,Xylella fastidiosa (strain M23)
1287,Beijerinckia indica subsp. indica (strain ATCC 9039 / DSM 1715 / NCIMB 8712)
1288,Nostoc punctiforme (strain ATCC 29133 / PCC 73102)
1289,Yersinia pseudotuberculosis serotype IB (strain PB1/+)
1290,Ajellomyces capsulatus (Darling's disease fungus) (Histoplasma capsulatum)
1291,Treponema pallidum subsp. pallidum (strain SS14)
1292,Akkermansia muciniphila (strain ATCC BAA-835 / DSM 22959 / JCM 33894 / BCRC 81048 / CCUG 64013 / CIP 107961 / Muc)
1293,Helicobacter pylori (strain Shi470)
1294,Sulfurihydrogenibium sp. (strain YO3AOP1)
1295,Erwinia tasmaniensis (strain DSM 17950 / CFBP 7177 / CIP 109463 / NCPPB 4357 / Et1/99)
1296,Oedogonium cardiacum (Filamentous green alga)
1297,Heterosigma akashiwo (strain NIES-293)
1298,Welwitschia mirabilis (Tree tumbo) (Welwitschia bainesii)
1299,Wolbachia pipientis subsp. Culex pipiens (strain wPip)
1300,Orientia tsutsugamushi (strain Ikeda) (Rickettsia tsutsugamushi)
1301,Methylacidiphilum infernorum (isolate V4) (Methylokorus infernorum (strain V4))
1302,Chlorobium limicola (strain DSM 245 / NBRC 103803 / 6330)
1303,Amoebophilus asiaticus (strain 5a2)
1304,Acropora millepora (Staghorn coral) (Heteropora millepora)
1305,Mycolicibacterium smegmatis (strain MKD8) (Mycobacterium smegmatis)
1306,Saccharomyces cerevisiae (strain RM11-1a) (Baker's yeast)
1307,Drosophila ananassae (Fruit fly)
1308,Drosophila erecta (Fruit fly)
1309,Cellvibrio japonicus (strain Ueda107) (Pseudomonas fluorescens subsp. cellulosa)
1310,Chlorobaculum parvum (strain DSM 263 / NCIMB 8327) (Chlorobium vibrioforme subsp. thiosulfatophilum)
1311,Chloroherpeton thalassium (strain ATCC 35110 / GB-78)
1312,Trichoplax adhaerens (Trichoplax reptans)
1313,Lactobacillus casei (strain BL23)
1314,Drosophila persimilis (Fruit fly)
1315,Drosophila willistoni (Fruit fly)
1316,Phenylobacterium zucineum (strain HLK1)
1317,Alteromonas mediterranea (strain DSM 17117 / CIP 110805 / LMG 28347 / Deep ecotype)
1318,Prosthecochloris aestuarii (strain DSM 271 / SK 413)
1319,Pelodictyon phaeoclathratiforme (strain DSM 5477 / BU-1)
1320,Hydrogenobaculum sp. (strain Y04AAS1)
1321,Anaeromyxobacter sp. (strain K)
1322,Synechococcus sp. (strain ATCC 29403 / PCC 7335)
1323,Sputnik virophage
1324,Claviceps purpurea (Ergot fungus) (Sphacelia segetum)
1325,Geobacter bemidjiensis (strain Bem / ATCC BAA-1014 / DSM 16622)
1326,Borrelia duttonii (strain Ly)
1327,Saccharomyces cerevisiae (strain AWRI1631) (Baker's yeast)
1328,Salmo salar (Atlantic salmon)
1329,Klebsiella pneumoniae (strain 342)
1330,Dictyoglomus thermophilum (strain ATCC 35947 / DSM 3960 / H-6-12)
1331,Thermodesulfovibrio yellowstonii (strain ATCC 51303 / DSM 11347 / YP87)
1332,Escherichia coli O157:H7 (strain EC4115 / EHEC)
1333,Penicillium rubens (strain ATCC 28089 / DSM 1075 / NRRL 1951 / Wisconsin 54-1255) (Penicillium chrysogenum)
1334,Rhodospirillum centenum (strain ATCC 51521 / SW)
1335,Schizosaccharomyces japonicus (strain yFS275 / FY16936) (Fission yeast)
1336,Toxoplasma gondii (strain ATCC 50861 / VEG)
1337,Talaromyces marneffei (strain ATCC 18224 / CBS 334.59 / QM 7333) (Penicillium marneffei)
1338,Azobacteroides pseudotrichonymphae genomovar. CFP2
1339,Thermococcus onnurineus (strain NA1)
1340,Bifidobacterium longum subsp. infantis (strain ATCC 15697 / DSM 20088 / JCM 1222 / NCTC 11817 / S12)
1341,Thermosipho africanus (strain TCF52B)
1342,Buchnera aphidicola subsp. Acyrthosiphon pisum (strain Tuc7)
1343,Desulfovibrio vulgaris (strain DSM 19637 / Miyazaki F)
1344,Bifidobacterium animalis subsp. lactis (strain AD011)
1345,Chloroflexus aggregans (strain MD-66 / DSM 9485)
1346,Caulobacter vibrioides (strain NA1000 / CB15N) (Caulobacter crescentus)
1347,Cyanothece sp. (strain PCC 7425 / ATCC 29141)
1348,Ruminiclostridium cellulolyticum (strain ATCC 35319 / DSM 5812 / JCM 6584 / H10) (Clostridium cellulolyticum)
1349,Talaromyces stipitatus (strain ATCC 10500 / CBS 375.48 / QM 6759 / NRRL 1006) (Penicillium stipitatum)
1350,Aspergillus flavus (strain ATCC 200026 / FGSC A1120 / IAM 13836 / NRRL 3357 / JCM 12722 / SRRC 167)
1351,Mycobacterium leprae (strain Br4923)
1352,Clostridium kluyveri (strain NBRC 12016)
1353,Macrococcus caseolyticus (strain JCSC5402)
1354,Populus trichocarpa (Western balsam poplar) (Populus balsamifera subsp. trichocarpa)
1355,Anaplasma marginale (strain Florida)
1356,Halorubrum lacusprofundi (strain ATCC 49239 / DSM 5036 / JCM 8891 / ACAM 34)
1357,Geobacter daltonii (strain DSM 22248 / JCM 15807 / FRC-32)
1358,Ricinus communis (Castor bean)
1359,Human cytomegalovirus (strain Towne) (HHV-5) (Human herpesvirus 5)
1360,Candida dubliniensis (strain CD36 / ATCC MYA-646 / CBS 7987 / NCPF 3949 / NRRL Y-17841) (Yeast)
1361,Neosartorya fumigata (Aspergillus fumigatus)
1362,Pichia angusta (Yeast) (Hansenula polymorpha)
1363,Pinctada fucata (Akoya pearl oyster) (Pinctada imbricata fucata)
1364,Ajellomyces capsulatus (strain G186AR / H82 / ATCC MYA-2454 / RMSCC 2432) (Darling's disease fungus) (Histoplasma capsulatum)
1365,Brevibacillus brevis (strain 47 / JCM 6285 / NBRC 100599)
1366,Rhodococcus erythropolis (strain PR4 / NBRC 100887)
1367,Deinococcus deserti (strain DSM 17065 / CIP 109153 / LMG 22923 / VCD115)
1368,Micromonas commoda (strain RCC299 / NOUM17 / CCMP2709) (Picoplanktonic green alga)
1369,Acidobacterium capsulatum (strain ATCC 51196 / DSM 11244 / BCRC 80197 / JCM 7670 / NBRC 15755 / NCIMB 13165 / 161)
1370,Paracoccidioides brasiliensis (strain Pb18)
1371,Halorubrum pleomorphic virus 1 (HRPV-1)
1372,Listeria monocytogenes serotype 4b (strain CLIP80459)
1373,Pseudomonas fluorescens (strain SBW25)
1374,Vibrio cholerae serotype O1 (strain M66-2)
1375,Sulfolobus islandicus (strain L.S.2.15 / Lassen #1)
1376,Sulfolobus islandicus (strain M.14.25 / Kamchatka #1)
1377,Rickettsia africae (strain ESF-5)
1378,Uncinocarpus reesii (strain UAMH 1704)
1379,Hamiltonella defensa subsp. Acyrthosiphon pisum (strain 5AT)
1380,Corynebacterium kroppenstedtii (strain DSM 44385 / JCM 11950 / CIP 105744 / CCUG 35717)
1381,Chlamydia trachomatis serovar B (strain TZ1A828/OT)
1382,Komagataella phaffii (strain GS115 / ATCC 20864) (Yeast) (Pichia pastoris)
1383,Desulfovibrio magneticus (strain ATCC 700980 / DSM 13731 / RS-1)
1384,Clavispora lusitaniae (strain ATCC 42720) (Yeast) (Candida lusitaniae)
1385,Thermococcus gammatolerans (strain DSM 15229 / JCM 11827 / EJ3)
1386,Edwardsiella ictaluri (strain 93-146)
1387,Teredinibacter turnerae (strain ATCC 39867 / T7901)
1388,Micrococcus luteus (strain ATCC 4698 / DSM 20030 / JCM 1464 / NBRC 3333 / NCIMB 9278 / NCTC 2665 / VKM Ac-2230) (Micrococcus lysodeikticus)
1389,Lachancea thermotolerans (strain ATCC 56472 / CBS 6340 / NRRL Y-8284) (Yeast) (Kluyveromyces thermotolerans)
1390,Zygosaccharomyces rouxii (strain ATCC 2623 / CBS 732 / NBRC 1130 / NCYC 568 / NRRL Y-229) (Candida mogii)
1391,Physarum polycephalum (Slime mold)
1392,Blastomyces gilchristii (strain SLH14081) (Blastomyces dermatitidis)
1393,Candida tropicalis (strain ATCC MYA-3404 / T1) (Yeast)
1394,Paenibacillus sp. (strain JDR-2)
1395,Pectobacterium carotovorum subsp. carotovorum (strain PC1)
1396,Geobacter sp. (strain M21)
1397,Neorickettsia risticii (strain Illinois)
1398,Hirschia baltica (strain ATCC 49814 / DSM 5838 / IFAM 1418)
1399,Brassica rapa subsp. pekinensis (Chinese cabbage) (Brassica pekinensis)
1400,Lactobacillus rhamnosus (strain ATCC 53103 / GG)
1401,Fusarium vanettenii (strain ATCC MYA-4622 / CBS 123669 / FGSC 9596 / NRRL 45880 / 77-13-4) (Fusarium solani subsp. pisi)
1402,Carassius auratus (Goldfish)
1403,Saccharomyces cerevisiae (strain Lalvin EC1118 / Prise de mousse) (Baker's yeast)
1404,Acinetobacter baumannii (strain ATCC 19606 / DSM 30007 / JCM 6841 / CCUG 19606 / CIP 70.34 / NBRC 109757 / NCIMB 12457 / NCTC 12156 / 81)
1405,Blattabacterium sp. subsp. Periplaneta americana (strain BPLAN) (Periplaneta americana symbiotic bacterium)
1406,Helicobacter pylori (strain 52)
1407,Halothiobacillus neapolitanus (strain ATCC 23641 / c2) (Thiobacillus neapolitanus)
1408,Rhodothermus marinus (strain ATCC 43812 / DSM 4252 / R-10) (Rhodothermus obamensis)
1409,Phytophthora infestans (strain T30-4) (Potato late blight fungus)
1410,Quaranfil virus (isolate QrfV/Tick/Afghanistan/EG_T_377/1968) (QRFV)
1411,Thermobaculum terrenum (strain ATCC BAA-798 / YNP1)
1412,Alternaria brassicicola (Dark leaf spot agent)
1413,Lactococcus lactis subsp. lactis (strain KF147)
1414,Ailuropoda melanoleuca (Giant panda)
1415,Rothia mucilaginosa (strain DY-18) (Stomatococcus mucilaginosus)
1416,Neisseria mucosa
1417,Allochromatium vinosum (strain ATCC 17899 / DSM 180 / NBRC 103801 / NCIMB 10441 / D) (Chromatium vinosum)
1418,Arthroderma benhamiae (strain ATCC MYA-4681 / CBS 112371) (Trichophyton mentagrophytes)
1419,Haloferax volcanii (strain ATCC 29605 / DSM 3757 / JCM 8879 / NBRC 14742 / NCIMB 2012 / VKM B-1768 / DS2) (Halobacterium volcanii)
1420,Erwinia amylovora (strain CFBP1430)
1421,Streptococcus suis (strain GZ1)
1422,Trachipleistophora hominis (Microsporidian parasite)
1423,Fusobacterium nucleatum subsp. nucleatum (strain ATCC 23726 / VPI 4351)
1424,Leuconostoc kimchii (strain IMSNU 11154 / KCTC 2386 / IH25)
1425,Thiomonas arsenitoxydans (strain DSM 22701 / CIP 110005 / 3As)
1426,Bacillus selenitireducens (strain ATCC 700615 / DSM 15326 / MLS10)
1427,Arabidopsis lyrata subsp. lyrata (Lyre-leaved rock-cress)
1428,Penicillium aethiopicum
1429,Clostridium ljungdahlii (strain ATCC 55383 / DSM 13528 / PETC)
1430,Acinetobacter oleivorans (strain JCM 16667 / KCTC 23045 / DR1)
1431,Leuconostoc gelidum subsp. gasicomitatum (strain DSM 15947 / CECT 5767 / JCM 12535 / LMG 18811 / TB1-10)
1432,Tibrogargan virus (strain CS132) (TIBV)
1433,Magnetospirillum magnetotacticum (Aquaspirillum magnetotacticum)
1434,Paenibacillus polymyxa (strain E681)
1435,Bacillus spizizenii (strain ATCC 23059 / NRRL B-14472 / W23) (Bacillus subtilis subsp. spizizenii)
1436,Aspergillus sp. (strain MF297-2)
1437,Methanolacinia petrolearia (strain DSM 11571 / OCM 486 / SEBR 4847) (Methanoplanus petrolearius)
1438,Halomonas elongata (strain ATCC 33173 / DSM 2581 / NBRC 15536 / NCIMB 2198 / 1H9)
1439,Salmonella typhimurium (strain SL1344)
1440,Kalanchoe daigremontiana (Devil's backbone) (Bryophyllum daigremontianum)
1441,Enterobacter lignolyticus (strain SCF1)
1442,Leptosphaeria maculans (strain JN3 / isolate v23.1.3 / race Av1-4-5-6-7-8) (Blackleg fungus) (Phoma lingam)
1443,Methanosaeta harundinacea (strain 6Ac)
1444,Cryptococcus gattii serotype B (strain WM276 / ATCC MYA-4071) (Filobasidiella gattii) (Cryptococcus bacillisporus)
1445,Pantoea sp. (strain At-9b)
1446,Sporisorium reilianum (strain SRZ2) (Maize head smut fungus)
1447,Staphylococcus pseudintermedius (strain ED99)
1448,Enterococcus faecalis (strain 62)
1449,Penicillium brevicompactum
1450,Hordeum vulgare subsp. vulgare (Domesticated barley)
1451,Solibacillus silvestris (strain StLB046) (Bacillus silvestris)
1452,Aerococcus urinae (strain ACS-120-V-Col10a)
1453,Lactobacillus casei (strain LC2W)
1454,Enterococcus faecalis (strain ATCC 47077 / OG1RF)
1455,Streptomyces venezuelae (strain ATCC 10712 / CBS 650.69 / DSM 40230 / JCM 4526 / NBRC 13096 / PD 04745)
1456,Trichophyton rubrum (strain ATCC MYA-4607 / CBS 118892) (Athlete's foot fungus)
1457,Melissococcus plutonius (strain ATCC 35311 / CIP 104052 / LMG 20360 / NCIMB 702443)
1458,Lactobacillus buchneri (strain NRRL B-30929)
1459,Erysipelothrix rhusiopathiae (strain Fujisawa)
1460,Alteromonas naphthalenivorans
1461,Limosilactobacillus reuteri (strain ATCC 55730 / SD2112) (Lactobacillus reuteri)
1462,Weissella koreensis (strain KACC 15510)
1463,Methylomonas methanica (strain MC09)
1464,Haloarcula hispanica (strain ATCC 33960 / DSM 4426 / JCM 8911 / NBRC 102182 / NCIMB 2187 / VKM B-1755)
1465,Trichoderma arundinaceum
1466,Botryotinia fuckeliana (strain B05.10) (Noble rot fungus) (Botrytis cinerea)
1467,Haloquadratum walsbyi (strain DSM 16854 / JCM 12705 / C23)
1468,Hypocrea jecorina (strain QM6a) (Trichoderma reesei)
1469,Chaetomium thermophilum (strain DSM 1495 / CBS 144.50 / IMI 039719)
1470,Botryococcus braunii (Green alga)
1471,Arthrobotrys oligospora (strain ATCC 24927 / CBS 115.81 / DSM 1491) (Nematode-trapping fungus) (Didymozoophaga oligospora)
1472,Aspergillus niger (strain ATCC 1015 / CBS 113.46 / FGSC A1144 / LSHB Ac4 / NCTC 3858a / NRRL 328 / USDA 3528.7)
1473,Milnesium tardigradum (Water bear) (Tardigrade)
1474,Azospira oryzae (strain ATCC BAA-33 / DSM 13638 / PS) (Dechlorosoma suillum)
1475,Rosa hybrid cultivar
1476,Acetobacterium woodii (strain ATCC 29683 / DSM 1030 / JCM 2381 / KCTC 1655 / WB1)
1477,Mycobacterium tuberculosis (strain ATCC 35801 / TMC 107 / Erdman)
1478,Rubrivivax gelatinosus (strain NBRC 100245 / IL144)
1479,Amphimedon queenslandica (Sponge)
1480,Burkholderia pseudomallei (strain 1026b)
1481,Haloferax mediterranei (strain ATCC 33500 / DSM 1411 / JCM 8866 / NBRC 14739 / NCIMB 2177 / R-4) (Halobacterium mediterranei)
1482,Beauveria bassiana (strain ARSEF 2860) (White muscardine disease fungus) (Tritirachium shiotae)
1483,Alethinophid 1 reptarenavirus (isolate AlRrV1/Boa/USA/BC/2009) (Golden Gate virus)
1484,Bordetella pertussis (strain ATCC 9797 / DSM 5571 / NCTC 10739 / 18323)
1485,Aspergillus rugulosus (Emericella rugulosa)
1486,Streptomyces davaonensis (strain DSM 101723 / JCM 4913 / KCC S-0913 / 768)
1487,Malbranchea aurantiaca
1488,Phomopsis amygdali (Fusicoccum amygdali)
1489,Aspergillus versicolor
1490,Solanum tuberosum (Potato)
1491,Gluconobacter japonicus
1492,Dothistroma septosporum (strain NZE10 / CBS 128990) (Red band needle blight fungus) (Mycosphaerella pini)
1493,Cochliobolus heterostrophus (strain C4 / ATCC 48331 / race T) (Southern corn leaf blight fungus) (Bipolaris maydis)
1494,Paramecium primaurelia
1495,Latimeria chalumnae (Coelacanth)
1496,Pneumococcus phage Dp-1 (Bacteriophage Dp-1)
1497,Pseudomonas wisconsinensis
1498,Malonomonas rubra
1499,Lactobacillus helveticus (Lactobacillus suntoryeus)
1500,Rice yellow stunt virus (RYSV) (Rice transitory yellowing virus)
1501,Bovine respiratory syncytial virus (strain 127) (BRS)
1502,Human immunodeficiency virus type 1 group M subtype C (isolate 92BR025) (HIV-1)
1503,Struthio camelus (Common ostrich)
1504,Methanothermobacter thermautotrophicus (strain ATCC 29096 / DSM 1053 / JCM 10044 / NBRC 100330 / Delta H) (Methanobacterium thermoautotrophicum)
1505,Archaeoglobus fulgidus (strain ATCC 49558 / DSM 4304 / JCM 9628 / NBRC 100126 / VC-16)
1506,Streptococcus iniae (Streptococcus shiloi)
1507,Thauera aromatica
1508,Alcelaphine herpesvirus 1 (strain C500) (AlHV-1) (Malignant catarrhal fever virus)
1509,Human respiratory syncytial virus B (strain B1)
1510,Bean yellow dwarf virus (BeYDV)
1511,Faba bean necrotic yellows virus (isolate SV292-88) (FBNYV)
1512,Influenza C virus (strain C/Taylor/1233/1947)
1513,Murid herpesvirus 4 (MuHV-4) (Murine gammaherpesvirus 68)
1514,Cynops pyrrhogaster (Japanese fire-bellied newt) (Molge pyrrhogaster)
1515,N/A
