,Uniprot_ID,Organism,Protein_name,AH_or_Not,AA_sequence,Prediction,Subcellular_location,AH_positions,AH_residues
2616,A4FVP6,Arabidopsis thaliana (Mouse-ear cress),NAC domain-containing protein 16,AH,"MVDSSRDSCFKAGKFSAPGFRFHPTDEELVVYYLKRKICCKKLRVNAIGVVDVYKVDPSELPGLSMLKTGDRQWFFFTPRNRKYPNAARSSRGTATGYWKATGKDRVIEYNSRSVGLKKTLVFYRGRAPNGERTDWVMHEYTMDEEELGRCKNAKEYYALYKLYKKSGAGPKNGEQYGAPFQEEEWVDSDSEDADSVAVPDYPVVRYENGPCVDDTKFCNPVKLQLEDIEKLLNEIPDAPGVNQRQFDEFVGVPQGNSAEVIQSTLLNNSSGEYIDPRTNGMFLPNGQLYNRDSSFQSHLNSFEATSGMAPLLDNEKEEYIEMNDLLIPELGASSTEKSTEFLNHGEFGDVNEYDQLFNDISVFQGTSTDLSCLSNFTNNTSGQRQQLLYEQFQYQTPENQLNNYMHPSTTLNQFTDNMWFKDDQAALYVQPPQSSSGAFTSQSTGVMPESMNPTMSVNPQYKEGQNGGGTRSQFSSALWELLESIPSTPASACEGPLNQTFVRMSSFSRIRFNGTSVTSRKVTVAKKRISNRGFLLLSIMGALCAIFWVFKATVGVMGRPLLS
","000000000000000000000000000000000000000000000000000000000000000000000000000000000000000000000000000000000000000000000000000000000000000000000000000000000000000000000000000000000000000000000000000000000000000000000000000000000000000000000000000000000000000000000000000000000000000000000000000000000000000000000000000000000000000000000000000000000000000000000000000000000000000000000000000000000000000000000000000000000000000000000000000000000000000000000000000000000000000000011111110000000000000000000000000000000000000000000000000000000000000000000000000000000000
","Membrane, Nucleus","[475, 476, 477, 478, 479, 480, 481]","['S', 'S', 'A', 'L', 'W', 'E', 'L']"
706,Q9SCK6,Arabidopsis thaliana (Mouse-ear cress),NAC domain-containing protein 62,AH,"MNQNLHVLSMDSLPVGLRFRPTDEELIRYYLRRKINGHDDDVKAIREIDICKWEPWDLPDFSVIKTKDSEWLYFCPLDRKYPSGSRQNRATVAGYWKATGKDRKIKSGKTNIIGVKRTLVFHAGRAPRGTRTNWIIHEYRATEDDLSGTNPGQSPFVICKLFKKEELVLGEEDSKSDEVEEPAVSSPTVEVTKSEVSEVIKTEDVKRHDIAESSLVISGDSHSDACDEATTAELVDFKWYPELESLDFTLFSPLHSQVQSELGSSYNTFQPGSSNFSGNNNNSFQIQTQYGTNEVDTYISDFLDSILKSPDEDPEKHKYVLQSGFDVVAPDQIAQVCQQGSAVDMSNDVSVTGIQIKSRQAQPSGYTNDYIAQGNGPRRLRLQSNFNGINTKNPELQAIKREAEDTVGESIKKRCGKLMRSKNVTGFVFKKITSVKCSYGGLFRAAVVAVVFLMSVCSLTVDFRASAVS
","0000000000000000000000000000011111110000000000000000000000000000000000000000000000000000000000000000000000000000000000000000000000000000000000000000000000000000000000000000000000000000000000000000000000000000000000000000000000000000000000000000000000000000000000000000000000000000000000000000000000000000000000000000000000000000000000000000000000000000000000000000000000000000000000000000000000000000000000000000000000000000000000000000000000000000000000000000000000000
","Cell membrane, Nucleus","[29, 30, 31, 32, 33, 34, 35]","['Y', 'L', 'R', 'R', 'K', 'I', 'N']"
1897,Q4PT37,Arabidopsis thaliana (Mouse-ear cress),Nuclear envelope-associated protein 3,AH,"MPTSVSLREDDPLLKDLSEKKQSFRRNVVSLATELKEARTRLAEQERSCSKEAMSRQEAETRVKRMEDEMHELAKELNEKVEQIRASDVATEKFVKELADIKSQLAATHATAEASALSAESAHSHCRVLSKQLHERTGSLKEHEDQVTRLGEQLENLRKELRVRESSQKQLRDELLKVEGDIMRAVSVVKTKENSEVRNMLNEDTPKNSERINKLLTAKDDEIARLRDELKIISAHWRFKTKELEDQVENQRRIDQELKKKVLKLEFCLRETRIQTRKLQKMGERNDVAIQELKEQLAAKKQHEADHSSNQNLWDKSGFKIVVSMSMLILVAFSRR
","000000000000000000011111110000000000000000000000000000000000000000000000000000000000000000000000000000000000000000000000000000000000000000000000000000000000000000000000000000000000000000000000000000000000000000000000000000000000000000000000000000000000000000000000000000000000000000000000000000000000000000000000000000000000000000000000
","Nucleus inner membrane, Nucleus, nucleoplasm","[19, 20, 21, 22, 23, 24, 25]","['K', 'K', 'Q', 'S', 'F', 'R', 'R']"
2040,Q5XV40,Arabidopsis thaliana (Mouse-ear cress),Protein LAZY 1,AH,"MKFWGWMHHKFRENSKEPLKDASTGNSYSILSAHPSLDSQEVYPTACAGSRYNTGFRKQVNLFQESSFAGPKQYTEEDFKDERNSDFFDGFLAIGTLGGETLLDEQPATPTFGMSFEDPAIDDADVTENDLKLISNELDKFLEAEAKEGHHQPSGRNSDTNTIASTIEAIEGVDDEEDNQPMKFPLQEYFFGSLIELPESKIAGKKDRASLGELFQITEVQDKQSENIYGKKKKQPNSAHKSAKHLVKKVLKKIHPSSRGSVSGKPEVDSTKKKFQKMVQVFHRKVHPEESIMETKIYSSVANPKSSKANSIDLTFEKVNHCHEASKRCIQYELRSSRSAKNGEHWIKTDEDYFVLEL
","0000000000000000000000000000000000000000000000000000000000000000000000000000000000000000000000000000000000000000000000000000000000000000000000000000000000000000000000000000000000000000000000000000000000000000000000000000000000000000000000000000111111111100000000000000000000000000000000000000000000000000000000000000000000000000000000000000000000000000000000
","Cell membrane, Nucleus","[244, 245, 246, 247, 248, 249, 250, 251, 252, 253]","['H', 'L', 'V', 'K', 'K', 'V', 'L', 'K', 'K', 'I']"
2820,F4I3V6,Arabidopsis thaliana (Mouse-ear cress),Protein SHORT HYPOCOTYL IN WHITE LIGHT 1,AH,"MAAATTTLSSSSSSPSLTLINASHRFVSVTPFSSNSIFLRRRFRRLNRSLASSSSHSRRRYESDDRFFGGGDNYDVVPDDDGFSDDDDEEDERESSVDLLIRFLRSMFKKVSKRTKKASRRILPAAMSPRLVSFAVDGILLLGSLSITRAFLEVICNLGGTVFTVILLIRLFWAAASFFQTYGNSFGPNPVN
","000000000000000000000000000000000000000000000000000000000000000000000000000000000000000000000000001111111111111111111111110000000000000000000000000000000000000000000000000000000000000000000000
",Nucleus membrane,"[98, 99, 100, 101, 102, 103, 104, 105, 106, 107, 108, 109, 110, 111, 112, 113, 114, 115, 116, 117, 118, 119, 120, 121]","['L', 'L', 'I', 'R', 'F', 'L', 'R', 'S', 'M', 'F', 'K', 'K', 'V', 'S', 'K', 'R', 'T', 'K', 'K', 'A', 'S', 'R', 'R', 'I']"
2041,Q5XVI1,Arabidopsis thaliana (Mouse-ear cress),Protein SINE1,AH,"MGLNLNPILRQELANLDKDTESRKSAMKALKSYVKDLDSKAIPGFLAQVFETKETNSLSGEYTISLYEILARVHGPNIVPQIDTIMSTIVKTLASSAGSFPLQQACSKVIPAIARYGIDPTTTEDKKRVIIHSLCKPLTDSLLASQESLTSGAALCLKALVDSDNWRFASDEMVNRVCQNVVVALDSNSNQTHLQMGLVMSLAKHNPLIVEAYARLLIHTGLRILGFGVSEGNSQKRLSAVQMLNFLMKCLDPRSIYSEVELIIKEMERCQSDQMAYVRGAAYEAMMTSKRIAAELESKMEKGCRSVTGSNFSRRNCSSIVPDYSLSPESQTLGSFSGYDSPVESSPISHTSCNSEFDRRSVNRKLWRRDENGGVVDISLKDGLFSRVTKGSTTVSDSPLVPYDTCENGDEFEGFLMESLRNTTPSPQRQRSRRINAEDFNIFSTPRKLISSLQYPDDVDLDHSDIQSPILRGEREKTIGSRKNPKLRKQFPTMVETMSSTITVSEDTAQTQMITGKKKKKKMSYAKLVIAISFVVVALFATVILMVNQDDDVGYYTVPT
","00000000000000000000001111111111110000000000000000000000000000000000000000000000000000000000000000000000000000000000000000000000000000000000000000000000000000000000000000000000000000000000000000000000000000000000000000000000000000000000000000000000000000000000000000000000000000000000000000000000000000000000000000000000000000000000000000000000000000000000000000000000000000000000000000000000000000000000000000000000000000000000000000000000000000000000000000000000000000000000000000000000000000000000000000000000000000000111111000000000000000000000000000000000
",Nucleus membrane,"[22, 23, 24, 25, 26, 27, 28, 29, 30, 31, 32, 33, 521, 522, 523, 524, 525, 526]","['R', 'K', 'S', 'A', 'M', 'K', 'A', 'L', 'K', 'S', 'Y', 'V', 'K', 'M', 'S', 'Y', 'A', 'K']"
355,Q9C900,Arabidopsis thaliana (Mouse-ear cress),Protein SINE3,AH,"MKEIQIPRKSFARSSELGAKRLKDPEMKNRKVTTEKRQIATFSDVSFESTKDPMDFSPISQISGAISDSEAESVIQGSSLDLMSTPEICLPADDSPVSTITSVEARIDTSSTDRIQSIVDLPASVQSLRGEINELKKLICSVDNSAEINWVDRVVTVKFRIVLLSFILWAILAAIVVFFSSGEERAYRGPLPT
","0000000000000000000000000000000000000000000000000000000000000000000000000000000000000000000000000000000000000000000000000000000000000000000000000000111111111100000000000000000000000000000000000
",Nucleus membrane,"[148, 149, 150, 151, 152, 153, 154, 155, 156, 157]","['N', 'W', 'V', 'D', 'R', 'V', 'V', 'T', 'V', 'K']"
417,Q9FF75,Arabidopsis thaliana (Mouse-ear cress),SUN domain-containing protein 1,AH,"MSASTVSITANTAAATRRTPILAGEKKSNFDYPQSESLANGGVGEAGGTSRDLSRGEATLDRSQGQDLGPVTRRSVSAATGTNTTATQRRTRKVATPKSEKARWKTVVRIFAKQLGALLIIVGLIQLTRKMILKASSPSSPISSYETEMAFSGLESRIAEVDGLVKATTNSMQVQVELLDKKMEREAKVLRQEIERKASAFQSELKKIESRTESLEKSVDEVNAKPWVTKDELERIYEELKKGNVDDSAFSEISIDELRAYARDIMEKEIEKHAADGLGRVDYALASGGAFVMEHSDPYLVGKGSSWFATTMRRAHTNAVKMLSPSFGEPGQCFPLKGSEGYVQIRLRGPIIPEAFTLEHVAKSVAYDRSSAPKDCRVSGSLQGPESSAETENMQLLTEFTYDLDRSNAQTFNILESSSSGLIDTVRLDFTSNHGSDSHTCIYRFRVHGRAPDPVPVVGTNLDQDSSPESE
","000000000000000000000000000000000000000000000000000000000000000000000000000000000000000000000000000000011111111000000000000000000000000000000000000000000000000000000000000000000000000000000000000000000000000000000000000000000000000000000000000000000000000000000000000000000000000000000000000000000000000000000000000000000000000000000000000000000000000000000000000000000000000000000000000000000000000000000000000000000000000000000000000000000000000000000000000000000000000
","Nucleus inner membrane, Cytoplasm, cytoskeleton, phragmoplast, Endoplasmic reticulum membrane, Nucleus envelope","[103, 104, 105, 106, 107, 108, 109, 110]","['W', 'K', 'T', 'V', 'V', 'R', 'I', 'F']"
2817,F4I316,Arabidopsis thaliana (Mouse-ear cress),SUN domain-containing protein 3,AH,"MQRSCRTRRRVSVNKFNGRNSFYKVSLSLVFLLWVLLFFSTLLISHGDGAKDEPLNDSMGMADPDDGQSDEKVVPFDGPLSLASASVDVTSDLSRNDDVNLSEESEDKEQEAEISSTVSGNDIESKDTYLLKQSEINKKDTGIDAGSKYDDFPKKSEINNTGTWNDTEGKDDNNFLKQSQLNKTGTGNDTESSDNEFLEQNQMNKTVLGNGTEINVSKVDQPSRAVPLGLDEFKSRASNSRNKSLSDQVSGVIHRMEPGGKEYNYASASKGAKVLSSNKEAKGAASILSRDNDKYLRNPCSTEGKFVVVELSEETLVNTIKIANFEHYSSNLKEFELQGTLVYPTDTWVHMGNFTASNVKHEQNFTLLEPKWVRYLKLNFISHYGSEFYCTLSLIEVYGVDAVERMLEDLISVQDNKNAYKPREGDSEHKEKPMQQIESLEGDDGADKSTHREKEKEAPPENMLAKTEASMAKSSNKLSEPVEEMRHHQPGSRMPGDTVLKILMQKLRSLDLNLSILERYLEELNLRYGNIFKEMDREAGVREKAIVALRLDLEGMKERQEGMVSEAEEMKEWRKRVEAEMEKAEKEKENIRQSLEQVSKRLEWMEKKCLTVFTVCLGFGIIAVIAVVIGMGTGLAEKTGSGAWLLLLISSTFIMFVLSL
","000011111100000000000000000000000000000000000000000000000000000000000000000000000000000000000000000000000000000000000000000000000000000000000000000000000000000000000000000000000000000000000000000000000000000000000000000000000000000000000000000000000000000000000000000000000000000000000000000000000000000000000000000000000000000000000000000000000000000000000000000000000000000000000000000000000000000000000000000000000000000000000000000000000000000000000000000000000000000000000000000000000000000000000000000000000000000000000000000000000000000000000000000000000000000000000000000000000000000000000000000000000000000000000000000000000000000000000000000000000000
","Nucleus membrane, Endoplasmic reticulum membrane","[4, 5, 6, 7, 8, 9]","['C', 'R', 'T', 'R', 'R', 'R']"
1892,Q4F883,Arabidopsis thaliana (Mouse-ear cress),Senescence-associated carboxylesterase 101,AH,"MESSSSLKGSALGKLVVTSGLLHSSWSKILEIHNPPYSNHDPGLQVSKKKKDSGLEFQIHREEKFTLVVFSAPPICRSSSSDSTLLHVKDKENPFPFLCSENNPSFSLHTPAFNLFTSASTSLTYLKSELLQTLKSEKPVIITGAALGGSVASLYTLWLLETIEPTLKRPLCITFGSPLIGDASLQQILENSVRNSCFLHVVSAQTRIKMDFFKPFGTFLICFDSGCVCIEDHVAVTELLNGVHDSGLVDYSQVLNRLDQSMLSLADSRLIPEDVIKGIEKRAEMKNLRFDMMFKKLNDMKISMAYIEWYKKKCKEVKIGYYDRFKTQLAFPSKEFDINIKNHHKSELNRFWKSVVEEVERRPQSDASILKRRFLFSGNNYRRMIEPLDIAEYYLEGRKEYRTTGRSHHYVMLEKWFGMESILIEKERCKKRDLSDLLTFDSCFWAEVEDSLIVINQLNTTVGMRDDVREVLTRKLVEFEGYVWEIITKREVSPEIFLEESSFMKWWKEYKKIKGFNSSYLTEFMNTRKYESYGKSQ
","000000000000000000000000000000000000000000000000000000000000000000000000000000000000000000000000000000000000000000000000000000000000000000000000000000000000000000000000000000000000000000000000000000000000000000000000000000000000000000000000000000000000000000000000000000000000000000000000000000000000000000000000000000000000000000000000000000000000000000000000000000000000000000000000000000000000000000000000000000000000000000000000000000000000000000000000000000000000000000000000111111000000000000000000000000000000000000000000000000000
","Membrane, Nucleus, Cytoplasm","[480, 481, 482, 483, 484, 485]","['G', 'Y', 'V', 'W', 'E', 'I']"
318,Q9ASQ2,Arabidopsis thaliana (Mouse-ear cress),Transcription factor MAMYB,AH,"MDFFDEDRPRFVFQSRPSSSHTAEEEEEARIPNKLFISISVSISLIILSLSFFYFESEPAKSLLLWLSLSFLVGPFAPSSLTGGKIRVGYGQILEPEQIHDESSTDNERESRRKSVNKRSKGSTKSDNPPENASAVTEVSRKVVIPQSKESGSVNETKDWTAEEIEILKKQLIKHPAGKPGRWETVASAFGGRYKTENVIKKAKEIGEKKIYESDDYAQFLKNRKASDPRLVDENEENSGAGGDAEGTKEIWSNGEDIALLNALKAFPKEAAMRWEKIAAAVPGKSKAACMKRVTELKKGFRSSKTPAN
","000000000000000000000000000000000000000000000000000000000000000000000000000000000000000000000000000000000000000000000000000000000000000000000000000000000000000000000000000000000000000000000000000001111111111110000000000000000000000000000000000000000000000000000000000000000000000000000001111111111111111110000
","Endoplasmic reticulum membrane, Nucleus","[197, 198, 199, 200, 201, 202, 203, 204, 205, 206, 207, 208, 287, 288, 289, 290, 291, 292, 293, 294, 295, 296, 297, 298, 299, 300, 301, 302, 303, 304]","['N', 'V', 'I', 'K', 'K', 'A', 'K', 'E', 'I', 'G', 'E', 'K', 'A', 'A', 'C', 'M', 'K', 'R', 'V', 'T', 'E', 'L', 'K', 'K', 'G', 'F', 'R', 'S', 'S', 'K']"
432,Q9FH18,Arabidopsis thaliana (Mouse-ear cress),WPP domain-interacting protein 2,AH,"MDLESESSVLESVEDNNGLIGDLDKELNSPVETSPLISKGFGLRKWKRRLRRDLVKDDTSVSMENSKALKRVLSGLVDPNAKQMHLPGPEVRQDSVGSVGSVNSVVGFVMGGESYGNGLAFAAGVDSDNSEDRSSTMSHSWDKHRGKVSGGKSVISSGDSSQQRKSSVEKSNKLRGERIKIEKENSHSSMESADSRSSNFVFMQGASYSLSSREQGGRRMMDYDDENSDHDAHTSKRKDNVEEEEEETEDYSQGDCVEESQIKSNGSSDNLDPLIVAVNSFQTLQEALQKELQKFQELGKEEPITSLHDGGESSSCIHAGHEGASEASSSYRFGSEKMGEMELTSLDSEILNLVNNVEHLEIKLEEAKRILEVKETQIRELESTINVSETCNGGTEIGIEDIFQQKVEAEIEYIIFSRSVGNLKRRIKLIEEEKTLGLSKLDKAETKAENLKNQAQDLQNHCVEITEIQEVECLKKRAFKTTRCLLLQLGLLFILYYSLLPEPEIAVPT
","00000000000000000000000000000000000000000000000000000000000000000000000000000000000000000000000000000000000000000000000000000000000000000000000000000000000000000000000000000000000000000000000000000000000000000000000000000000000000000000000000000000000000000000000000000000000000000000000000000000000000000000000000000000000000000000000000000000000000000000000000000000000000000000000000000000000000000000000000000000001111110000000000000000000000000000000000000000000000000000000000000000000000000000000000000
","Nucleus envelope, Nucleus membrane","[418, 419, 420, 421, 422, 423]","['S', 'V', 'G', 'N', 'L', 'K']"
2484,Q8L7E5,Arabidopsis thaliana (Mouse-ear cress),WPP domain-interacting tail-anchored protein 1,AH,"METETEHDRTVSVDDNDSLVPEPSSTKESFFEDLSLTGQVMNPQLSSAGEVLTKVELDFAFVSEKLVNLSLLTMQLGTRENDFESFVSKKEEDEEEPSSNVDDDDDSAEKALEFDLLSSILNSEVKELESLLGFLQNEIQSARVMISPFQHDGEAFLDLEGKLNDTEQSLGQLMEQVVEMKKQSSNFQRLSSGLDEQGSWSGGQTSVSQNDGEFGDLSAKINMQTADQQRNVLRMLEKSLAKEMELEKKLSESRNTERELEMKLYSSEQDVVYMEEVTEDAFSRWLEADNAAEVFKGTSKEMSGKLQILQFNLSGSFKREDNLKSKLVDSKERLEAKECALHKLDSSNARLADFLVAQTEGLKESLQEAEEKLILLNTENSTLSEKVSSLEEQLNEYGIQTEDADATSGALITDLERINEELKDKLAKTEARAEETESKCKILEESKKELQDELGNFRDKGFTIHKLASLEKHLRDSDLQLEHAVAAVEASKEKQNLLYSTVSDMEDVIEDLKSKVLKAENRADITEEKLIMVSESNAEVNEELKFFKGRLKEGEKYLQQAEERKLRTAKDIGVHNKIMKKLVMQLAAERERLHKQITNLSRENCVLMVKLKKVGKTGYMESGNGSEVSPKSDQNASSCHQGSRLQATFISLTNPEEEETGSKSDIGSVRRLDVGALRFKHILVAILVILISSIAYVISQQNM
","0000000000000000000000000000000000000000000000000000000000000000000000000000000000000000000000000000000000000000000000000000000000000000000000000000000000000000000000000000000000000000000000000000000000000000000000000000000000000000000000000000000000000000000000000000000000000000000000000000000000000000000000000000000000000000000000000000000000000000000000000000000000000000000000000000000000000000000000000000000000000000000000000000000000000000000000000000000000000000000000000000000000000000000000000000000000000000000000000000000000000000000000000000000000000000000000111111111111000000000000000000000000000000000000000000000000000000000000000000000000000000000000000000000000000000000000000000000
","Nucleus envelope, Nucleus membrane","[574, 575, 576, 577, 578, 579, 580, 581, 582, 583, 584, 585]","['H', 'N', 'K', 'I', 'M', 'K', 'K', 'L', 'V', 'M', 'Q', 'L']"
2954,O22208,Arabidopsis thaliana (Mouse-ear cress),bZIP transcription factor 17,AH,"MAEPITKEQPPPPAPDPNSTYPPPSDFDSISIPPLDDHFSDQTPIGELMSDLGFPDGEFELTFDGMDDLYFPAENESFLIPINTSNQEQFGDFTPESESSGISGDCIVPKDADKTITTSGCINRESPRDSDDRCSGADHNLDLPTPLSSQGSGNCGSDVSEATNESSPKSRNVAVDQKVKVEEAATTTTSITKRKKEIDEDLTDESRNSKYRRSGEDADASAVTGEEDEKKRARLMRNRESAQLSRQRKKHYVEELEEKVRNMHSTITDLNGKISYFMAENATLRQQLGGNGMCPPHLPPPPMGMYPPMAPMPYPWMPCPPYMVKQQGSQVPLIPIPRLKPQNTLGTSKAKKSESKKSEAKTKKVASISFLGLLFCLFLFGALAPIVNVNYGGISGAFYGNYRSNYITDQIYSQHRDRVLDTSRSGAGTGVSNSNGMHRGRDSDRGARKNISATESSVTPGNGSEPLVASLFVPRNDKLVKIDGNLIINSILASEKAVASRKASESKERKADLMISKDYTPALPLPDVGRTEELAKHLYRSKAEKQKALSSGSADTLKDQVKTKAANGEMQQWFREGVAGPMFSSGMCTEVFQFDVSSTSGAIIPAATNVSAEHGKNTTDTHKQQNRRILRGLPIPLPGSDFNLTKEHQRNSSSKEIKPASSMVVSVLVDPREGGDGDIDGMIGGPKSLSRVFVVVLLDSAKYVTYSCVLPRSGAPHLVTT
","0000000000000000000000000000000000000000000000000000000000000000000000000000000000000000000000000000000000000000000000000000000000000000000000000000000000000000000000000000000000000000000000000000000000000000000000000000000000000011111110000000000000000000000000000000000000000000000000000000000000000000000000000000000000000000000000000000000000000000000000000000000000000000000000000000000000000000000000000000000000000000000000000000000000000000000000000000000000000000000000000000000000000000000000000000000000000000000000000000000000000000000000000000000000000000000000000000000000000000000000000000000000000000000000000000000000000000000000000000000000000000000000000000000000000000000000000000000000000000000000000
","Endoplasmic reticulum membrane, Golgi apparatus membrane, Nucleus","[230, 231, 232, 233, 234, 235, 236]","['K', 'R', 'A', 'R', 'L', 'M', 'R']"
1832,Q3MHM8,Bos taurus (Bovine),ADP-ribosylation factor-like protein 6-interacting protein 6,AH,"MSFVESGRRSAPLRRRPGTPVPFARPAYSVFSQGDSWGEGEVEEEEGCDQVARDLRAEFSAGSSSKLRKDPVLQPDGDGSPVLPDKRNGIFSADAGGKALARRWPVQVLSILCSLLFAILLACLLAITYLIVKELHAENLKNEDDVNTGLLGFWSLLIISLTAGFSCCSFSWTVTYFDSFEPGMFPPTPLSPARFKKMTGHSFHMGYSMAILNGIVAALTVAWCLM
","0000000000000000000000000000000000000000000000000000000000000000000000000000000000000000000000000001111111100000000000000000000000000000000000000000000000000000000000000000000000000000000000000000000000000000000000000000000000
",Nucleus inner membrane,"[99, 100, 101, 102, 103, 104, 105, 106]","['L', 'A', 'R', 'R', 'W', 'P', 'V', 'Q']"
2686,A7MB64,Bos taurus (Bovine),"Inositol 1,4,5-trisphosphate receptor-interacting protein",AH,"MALGLFRVCLVVVTAIINHPLLFPRENTTVPENEEEIIRQMQAHQEKLQLEQLRLEEEMARLAADKEAEKEALERVAEEGQQQNESRTAWDLWSTLCMILFLVIEVWRQDHQDAPSPECLGSDEDELPDLEGAPLRGLTLPNRATLDHFYERCIRGATADAARTREFVEGFVDDLLEALRSLCSRDSDMEVEDFIGVDSMYENWQVNKPLLCDLFVPFMPPEPYHFHPELWCSSRSVPLDRQGYGQIKVVRADEDTLGCICGKTKLGEDMLCLLHGRNNVVHHGSKAADPLCAPNSPYLDTMRVMKWFQTALTRAWHRIEHKYEFDLAFGQLDTPGSLKIRFRSGKFMPFNLIPVIQCDDSDLYFVSHLAREPGGGTRASSTDWLLSFAVYERHFLRVTSKALPEGACHLSCLQIASFLLSKQSRLTGPSGLGSYHLKTALLHLLLARRPADWKAEQLDARLHELLCFLEKSLLEKKLQHFFIGNRKVPQAMGLPEAVRRAEPLNLFRPFVLQRSLYRKTVDSFYEMLKNAPALISEYSLHIPSDHASLPPKTVIL
","0000000000000000000000000000000000000000000000000000000000000000000000000000000000000000000000000000000000000000000000000000000000000000000000000000000000000000000000000000000000000000000000000000000000000000000000000000000000000000000000000000000000000000000000000000000000000000000000000000000000000000000000000000000000000000000000000000000000000000000000000000000000000000000000000000000000000000000000000000000000000000000000000000000000000000000000000000000000000000000000000000000000000000000000000000000000000000001111111110000000000000000000000000
","Cell membrane, Nucleus outer membrane","[522, 523, 524, 525, 526, 527, 528, 529, 530]","['S', 'F', 'Y', 'E', 'M', 'L', 'K', 'N', 'A']"
1535,Q0P5M9,Bos taurus (Bovine),Major facilitator superfamily domain-containing protein 10,AH,"MGCGAGGSCTPRPPIRQQQAPETRVVAVVFLGLLLDLLAFTLLLPLLPGLLESHGRAHDPLYGSWQRGVDWFAAAIGMPAEKRYNSVLFGGLIGSVFSLLQFLSAPLTGALSDCLGRRPGMLLSLAGVATSYAVWAASKSFAAFLASRVIGGISKGNVSLCTAIVADLGSPSARSKGMAVIGVAFSLGFTLGPTLGAFLPSETVPWLALLFAVSDLLFIWCFLPETLPPEKRAPSVTLGFRAAADLLSPLALLRFSAVARGPDPPTGVRLGSLRGLGLVYFLYLFLFSGLEFTLSFLVHQRFRFSRVEQGKMFFFIGLTMATIQGAYARRIRPGREIAAVKQAILLLIPASLFVGWGHTLPILGLGLLLYSWAAAVVVPCLSSVVAGYGSPGQKGTVMGTLRSLGALARAVGPVVAASAYWLAGARVCYTVCAALFLLPFSILRTLSPPARTLKAE
","000000000000000000000000000000000000000000000000000000000000000000000000000000000000000000000000000000000000000000000000000000000000000000000000000000000000000000000000000000000000000000000000000000000000000000000000000000000000000000001111111111111111111110000000000000000000000000000000000000000000000000000000000000000000000000000000000000000000000000000000000000000000000000000000000000000000000000000000000000000000000000000000000000000000000000000000
",Nucleus inner membrane,"[236, 237, 238, 239, 240, 241, 242, 243, 244, 245, 246, 247, 248, 249, 250, 251, 252, 253, 254, 255, 256]","['T', 'L', 'G', 'F', 'R', 'A', 'A', 'A', 'D', 'L', 'L', 'S', 'P', 'L', 'A', 'L', 'L', 'R', 'F', 'S', 'A']"
1616,Q148M6,Bos taurus (Bovine),Matrix remodeling-associated protein 8,AH,"MELRAWVLLWRLVLLQSSAVLLSSGPSGPATSDRSVVSESTVSWAAGARAVLRCQSPRMVWTQDRLHDRQRVVHWDLSGSKAGGPARRLVDMYSTGEQRVGEQRLGEQRVGEQRVYEPRDRGRLLLPPSAFHDGNFSLFIRAVEETDEGLYTCNLHHHYCHLYESLAVSLEVTDDPRAAGAHWDGEKEVLAVERGAPALLTCVNRAHVWTDRHLEEAQQVVHWDRQPPGVPHDRADRLLDLYASGERRAYGPPFLRDRVAVEADAFARGDFSLLIDPVEPADEGTYSCHLHHHYCGLHERRVFHLRVTEPAARPPPPPRDSPGNGSSHSGAPGPGARDPTLTRGRSVINVIVPEGRAHFFQQLGYVLATLLLFILLLITVVLATRQRRRGGYEYSNKKSKSKGKDINMAEFAVASGDQSLYRSEDIRLDYKNNILKERAEVAHSLPPAKNIDLDKEFRKEYCK
","0000000000000000000000000000000000000000000000000000000000000000000000000000000000000000000000000000000000000000000000000000000000000000000000000000000000000000000000000000000000000000000000000000000000000000000000000000000000000000000000000000000000000000000000000000000000000000000000000000000000000000000000000000000000000000000000000000000000000000000000000000000000000000000000000000000000000000000000000000000000000000000000000000000000000000000000001111111
","Cell membrane, Cell junction, tight junction, Cytoplasm, Cell projection, cilium membrane, Nucleus","[456, 457, 458, 459, 460, 461, 462]","['F', 'R', 'K', 'E', 'Y', 'C', 'K']"
2687,A7MBC7,Bos taurus (Bovine),Nuclear envelope integral membrane protein 1,AH,"MAGGMKVAVLPAVGAGPWSWGAGGCGAVRLLLVLFGCFVCGSAGIDLNVVTLRESEILFMNTSRQSCYKNVLIPKWHDIWTRIQIRVNSSKLVRVTQVENEDKLKELEQFSIWNFFSSFLKEKLNDTYINVGLYSTKTCLKVEILEEDTKYSVIVTRRFDPKLFLIFLLGLTLFFCGDLLSRSQIFYYSTGMSVGIVASLLIIIFIVSKFMPKKSPIYIILVGGWSFSLYLIQLVFKNLQEIWRCYWQYLLSYVLAVGFMSFAVCYKYGPLENERSINLLTWTLQLLGLCFMYSSIQIPHIALAIVVIALCTKNLDYPIHWLYITYRKMCKATEKTVPPRLLTEEEYRLQGEVETRKALEQLREYCNSPDCSAWKTVSRIQSPKRFADFVEGSFHLTPNEVSVHEQEYGLGSIIAQDELSEETSSEEEDSDSRYPLVVQQNSFLT
","0000000000000000000000000000000000000000000000000000000000000000000000000000000000000000000000000000000000000000000000000000000000000000000000000000000000000000000000000000000000000000000000000000000000000000000000000000000000000001111110000000000000000000000000000000000000000000000000000000000000000000000000000000000111111111110000000000000000000000000000000000000000000000000000000000000000000000000000000000000000000000000000000000000000000
","Nucleus inner membrane, Nucleus envelope","[231, 232, 233, 234, 235, 236, 319, 320, 321, 322, 323, 324, 325, 326, 327, 328, 329]","['I', 'Q', 'L', 'V', 'F', 'K', 'H', 'W', 'L', 'Y', 'I', 'T', 'Y', 'R', 'K', 'M', 'C']"
1681,Q1JQC5,Bos taurus (Bovine),Regulator of microtubule dynamics protein 3,AH,"MSSLGTLGGARAGLGLLLGTAAGLGFLCALYSQRWKRTQRRGQSQSQSNSLDYTQTSEPGRQVRPLRAAPGEAGDAAVLSSLPRGQEVVLDRLEFVLTSLVALRREVEELRSSLQGLAGQIVGEVRSHMEENQKVARRRRFPFARERSDSTGSSSVYFTAASGATFTDAESEGGYTTANAESDYERDSERESDGDGEDEVSCETVKMGRKDSLDLEVEVALGLEPEAPEAGGSPGQEDVMPLLQQADELHQGSEQGKREGFQLLLNNKLVHGSRQDFLWRLARAYSDMCELTEEASEKRSYALSGKEEAEVALEKGNENAECHQWYAVLCGQLAEHEGIQRRIQSGFSFKEHVDKAIALKPENPMAHFLLGRWCYQVSHLSWLEKKTATALSESPLGATVQDALSSFLKAEELQPGFSKAGRIYICKCYKELGKNPEAKEWMKLALELPNVTKEDSAFQKDLEELEVILGE
","000000000000000000000000000000000000000000000000000000000000000000000000000000000000000000000000000000000000000000000000000000000000000000000000000000000000000000000000000000000000000000000000000000000000000000000000000000000000000000000000000000000000000000000000000000000000000000000000000000000000000000000000000000000000000000000000000000000000000000000000000000000000000000000000000000000000000000000000000000000000000000000000000001111111100000000000000000000000000
","Mitochondrion outer membrane, Cytoplasm, Nucleus, Cytoplasm, cytoskeleton, spindle, Cytoplasm, cytoskeleton, spindle pole","[437, 438, 439, 440, 441, 442, 443, 444]","['A', 'K', 'E', 'W', 'M', 'K', 'L', 'A']"
2800,F1N4E5,Bos taurus (Bovine),Torsin-1A-interacting protein 1,AH,"MAGEGQRAEPEREGWALYVTPRAPLREGRPRLAPQNGGSGDVPAYGTPTPSRHGRREVRFSEEPPEVYGDFEPRAAKEKARVGRQIPLEGFRPDSAKEEVRESAYYLRSRQRRQPRLHEAEEMQTRRAALLQQQPHSPPPPLRPSPVTTRRGLRDSHSSEEDEPPSQTVLSQTVTKKAIRRTQETPVMSEDPLISLRRPPLRSSRSEAASVQQKVNFLEEGETEENDQDSFDSDVTVKVRSGDSVESGDQTTRSSSQYKESFWQSSQSGDFTAFDEQPLKLSSGYQKTPQEWAEKTVRIRTRMLTSSPGMRSIYGSFSDDDSVQKSELGNQSPSTSNQQMTGQPKSVSSVKTKRYWPFAVIAALLIGGFLYTRPPEAETTAVQEFQNQMKQLMNKYQGQDEKLWKRSQTFLEKHLNGSQSRPQPAILLLTAARDAEEALRCLSEQIADAYSSFRSVPAIRIDGASKATRDSDTVKEEVDQELSNGFRNGQNAAVVHRFESLPAGSTLIFYKYCDHESAAFKDVALVLTVLLEEETLGTSLGLKEIEEKVRDFLQVKFTNSDTPNSYKHMDPDKLSGLWSRISHLVLPVQPENDLKKGICL
","000000000000000000000000000000000000000000000000000000000000000000000000000000000000000000000000000000000000000000000000000000000000000000000000000000000000000000000000000000000000000000000000000000000000000000000000000000000000000000000000000000000000000000000000000000000000000000000000000000000000000000000000000000000000000000000000000000000000000000000000000000000000000000000000000000000000000000000000000000000000000000000000000000000000000000000000000000000000000000000000000000000000000000000000000000000000000000000000000000000000000000011111111100000000000000000000000000000000000000000000
",Nucleus inner membrane,"[547, 548, 549, 550, 551, 552, 553, 554, 555]","['K', 'V', 'R', 'D', 'F', 'L', 'Q', 'V', 'K']"
2909,O01971,Caenorhabditis elegans,Emerin homolog 1,AH,"MDVSQLTDAELRDSLKSHGVSVGPIVATTRKLYEKKLIKLSDGSINNQSNLNDSQFNEDSLIISSSPKKSPPQRVFQNVSAATAAATTSPESDSDDCEESMRYLTEEEMAADRASARQAQSNKGGFLGSTITFTILFVFIAVFAYFLIENAEQLKLVAETNPEDTI
","0000000000000000000000000000000001111110000000000000000000000000000000000000000000000000000000000000000000000000000000000000000000000000000000000000000000000000000000
","Nucleus envelope, Nucleus inner membrane","[33, 34, 35, 36, 37, 38]","['E', 'K', 'K', 'L', 'I', 'K']"
1398,P91193,Caenorhabditis elegans,Macoilin,AH,"MMQQQKPGKPKKINRIDKIKRLQINRSRRPDINQTVPSPLFYVRIVVTWLGMVSLDAMTGFRFELLWPTWLMIRAAAESIQMRNQHCVTTIANPTAARFSVLFICVTATSDLICYLFIPIRMLIFLATTYVWISLYYHTQGGFLRSLATVYGGERLQSWPIVFITCFIVIFELFLRIRSHPILISFFPNVAEYAGVSPVWPRSLNAFFGAHSIGYPVILITVSMHYYFNEWKLRRKQCDVSNRNEQLFRILVEGLPAEYEGPKDYTSQQCLEDDLYYLDPPVQTLQPMQAIQAASATPPTSSKKNGIHKRNGDVTSSTTTSSRKKKHNGNSGFNSTPPNDKKKGKSIRDVDMDDGDDSDDDYSYRDTSSSTIEDQRRGGGISIIRFIFSSAAWLFSFVFESSTPSENSLSNQQIDDDEDYEDGDGDKKNGRTDSMTSTTKGRANTMPSTTRSQNNNNSQKQQKQSNGKSHHQHSSHQNNHQKSNGNSNGHARGFAAVRDSSHDTNASNETDIRSMSRELESLRSEISSRRSQEEDFKLQVSMHESNETRLSQQLSNMRLKVEQMEIKCSSIERHRESDKHQLEQAERKYADLLGKKAEIEATLSAERKARMEVTSKKYDVAEHQRERERQLESEIDKLRIELKSKDESNMRMESELHGLRNYKEENDIDSLNMELRFVRDKSHQMEESLAGENKLKQSLFKCLGDARDTIKSLERRVQEFQIKNGSSIGGGSSETLMNGRSSTEANNENDTTASDQSSPHQHSAMGSPVPFAKMPLSVNVSNRHGSPFNGKVSPIASIGSVLAAAGGPAPPDYMMAVGANVTATTGPVPQKQPRAGFHGISRYNEFTNIASGGEHRLFDTPASAISASAINGSNPEDDFLMNKGKFGAPSQPAARLA
","000000000000000000000000000000000000000000000000000000000000000000000000000000000000000000000000000000000000000000000000000000000000000000000000000000000000000000000000000000000000000000000000000000000000000000000000000000000000000000000000000000000000000000000000000000000000000000000000000000000000000000000000000000000000000000000000000000000000000000000000000000000000000000000000000000000000000000000000000000000000000000000000000000000000000000000000000000000000000000000000000000000000000000000000000000000000000000000000000000000000000000000000000000000000000000000000000000000000000000000000000000000000000000000000000000011111111111111100000000000000000000000000000000000000000000000000000000000000000000000000000000000000000000000000000000000000000000000000000000000000000000000000000000000000000000000000000000000000000000000000000000000000000000000000000000000000000000000000000000000
","Rough endoplasmic reticulum membrane, Nucleus membrane","[631, 632, 633, 634, 635, 636, 637, 638, 639, 640, 641, 642, 643, 644, 645]","['E', 'S', 'E', 'I', 'D', 'K', 'L', 'R', 'I', 'E', 'L', 'K', 'S', 'K', 'D']"
1715,Q22747,Caenorhabditis elegans,Transmembrane protein 201 homolog,AH,"MEVAAAVGVIASVPILYKAIRPRIKTSVECWFCRKSTKVEYQQRNSFTCPSCEQYNGFTEDGDYNRRIPGQAWTTPKRYCEPGKMQSEKPSTFLDRFGGVNMSPKASNGLCSECNLGQEIIMNKVAEFEPIDEDRWNEELEDYRYKLERMYQLCPRCTIQVHGKLEEDKKKYSYLLKVKYKLKHAIGSTLREVMNNQKRSRRFFFAGGSTCEALHFGCLISSIILFLANIDFLQQDAGASLINLPKALQDILPEVYKYSFVINFLIFTTHLIAAFNNKCRVTLPDLLLPILLILAMLTVLTSSDNLSQDVALVRGACASFSTILSMAVTLLPRKKLHKKRPNKIVSSAFSVASTPISQCSSQNSRNASLLDHDHTILRRSPHTPSASPPAMNSSPPLLREITNGPVWSAMRSRENKENMQSYQTKPNNHVESMDWDDSESMAAQSVAQSTRSSHFKPGLLSRNINERMTAQQLTPSVANLNLDTRSVDSPSIFSRQHRQMAQQQNHTPTRSLFGPPRSMVASQYDRSHYMAPEAHTRPGSVFTSVSQQDGHSTVSGAWQCRVIGILFALVFIVLIMQIGLFYVLFTRN
","000000000000000000000000000000000000000000000000000000000000000000000000000000000000000000000000000000000000000000000000000000000000000000000000000000000000000000000000000000000000000000000000000000000000000000000000000000000000000000000000001111111000000000000000000000000000000000000000000000000000000000000000000000000000000000000000000000000000000000000000000000000000000000000000000000000000000000000000000000000000000000000000000000000000000000000000000000000000000000000000000000000000000000000000000000000000000000000000000000000000000000000000000000000000000000000000000000000000
",Nucleus inner membrane,"[242, 243, 244, 245, 246, 247, 248]","['N', 'L', 'P', 'K', 'A', 'L', 'Q']"
1261,P34454,Caenorhabditis elegans,Uncharacterized protein F54F2.9,AH,"MRVILLLAFLISLTECQWTSEDLALYDLVEEVGVNFYEWFDIPRDASSNQVKKAYRKLTLEWHPDRNSAPDATEKFRQVAGIYEVLKTTELREKYDNVLENGLPSWRHPMYYYRRMRKLAWYEGILVLLFIGTIAHYLMMWAAYFEKTLVYKQNVKKSRKSKKEDPAEAEKLMKQALEEYLPKYSELLPIILARGTVTLFKNLALTAKDAMTPKEVEPEEPTEEELAQQRRQQRAAAAPQQLEFKFEVAQGMKAVSTNDPEMEKKYAAENEVVAQKQSGATWTPDELASLVRLSTEKYPAGTPNRWEQMGRVLNRSAEDVIAMAGKMKQMKQEDYTKLLMTTIQQSVPVEEKSEDDWSQAEQKAFETALQKYPKGTDERWERISEEIGSKTKKQVMVRFKQLAEMIRKKKTNDT
","000000000000000000000000000000000000000000000000000000000000000000000000000000000000000000000000000000000000000000000000000000000000000000000000000000000000000000000000000000000000000000000000000000000000000000000000000000000000000000000000000000000000000000000000000000000000000000000000000000000000000000000000000000000000000000000000000000000000000000000000000000000000000000000000000000000111111111111111111100
",Nucleus membrane,"[393, 394, 395, 396, 397, 398, 399, 400, 401, 402, 403, 404, 405, 406, 407, 408, 409, 410, 411]","['Q', 'V', 'M', 'V', 'R', 'F', 'K', 'Q', 'L', 'A', 'E', 'M', 'I', 'R', 'K', 'K', 'K', 'T', 'N']"
2888,I6V1W0,Danio rerio (Zebrafish) (Brachydanio rerio),Protein brambleberry,AH,"MALWFVLLWVSSLQYAEVEAFFDWLKKADPAPTPPPAESIVPILLHGEAPAFEMSVVDEKFLAEAKQMELSPLDSCHFRVVAQLKATCSGLSEEQLAKLGVALFNCQSEVEGRRTYPCTEEMSIKECTADMDSDTWNAYHIVSNRARSVCYATRQQHFRKRAELTVNALISTATSQLDAMKDLKEGQKELRDMTAASLDKLLEGHGALQIQQGALKEGQEQLDASISENLQRLAQEKALISTGQQLVAQLIQGITQRMENVSGQLKDQTAEVQEGHQAILEDLAVVRGSAQDIYEKMELNLNGFLQQQNTTAHFYTELMRKLELMNGTLGYMLTYLDNMQTRLEDRLHMIQGYLGWAGLSLRALWTCVMHAGYFLLCAVLLSFLQCTTFSRVTLLLSVPINAIAEINQQAALDLISLTLLLFTLSLGRWFVLQLLWALSKIKGRTCSRPPHLSIYPPKEKTPEKQHEFGEKCPASSSTPVQSDPVCDLEVESFMMGDPCVLGVSPSRCPPKFSHHHLGGTPNHSTPRLKSRHSIAATELDNIPQRNLGVFLETVNRSRSSSPNQSLASSSSFSGRSLCSGITRLGQPCKKRAVVGQDYCRVHEGGHTSYSRL
","000000000000000000000000000000000000000000000000000000000000000000000000000000000000000000000000000000000000000000000000000000000000000000000000000000000000000000000000000000000000000000000000000000000000000000000000000000000000000000000000000000000111111111000000000000000000000000000000000000000000000000000000000000000000000000000000000000000000000000000000000000000000000000000000000000000000000000000000000000000000000000000000000000000000000000000000000000000000000000000000000000000000000000000000000000000000000000000000000000000000000000000000000000000000000000000000000000000000000000000000000000000000
",Nucleus membrane,"[249, 250, 251, 252, 253, 254, 255, 256, 257]","['L', 'I', 'Q', 'G', 'I', 'T', 'Q', 'R', 'M']"
2079,Q641M3,Danio rerio (Zebrafish) (Brachydanio rerio),Transmembrane protein 18,AH,"MTASNTKNASAIPIDKFSNVRITSIWTFLQSVDWSEPWLMALLAFHVFCFAFTLLSCKYYRIQICHFLLMVAMVYSAEYLNELAAMNWRSFSKFQYFDSKGMFISLVYSVPLLLNTVIIVAVWVWRTFSTMTELKILQLKRKAARENHKKTQ
","00000000000000000000000000000000000000000000000000000000000000000000000000000000000000000000000000000000000000000000000000001111111111000000000000000000
",Nucleus membrane,"[124, 125, 126, 127, 128, 129, 130, 131, 132, 133]","['W', 'R', 'T', 'F', 'S', 'T', 'M', 'T', 'E', 'L']"
2240,Q7JRE4,Drosophila melanogaster (Fruit fly),Inner nuclear membrane protein Man1,AH,"MSTESLNSLSDKELHRKLIQSGFPSTPVTETTRAVLIEKLRKHTRADKLKKRSNKYVLYSKEQQESPPFPQYHQYHAPQPPQNYANGLDNNNDLDQTGGSSAYNRSLDESDSSPLQLSASKMYAPPPVVASNYDGDCSPHSLGLNGKYLQPCSMPYAIDTSNNYGKPSGKAKLSDGGVVNRLLSFRDTTIQRKFNYPTGQASRIPLRKERLTRFALSDLKSFIRNPDIRPYVIPRVLISLFLIFLTIITVLYVGKRFEQSPIDKAALKYTLCNPNDMQMISEKVNCIEKDSLRGALDMSEELFRHLNERARLHHCKDANLSPALEIGEFVREMVSNPKTHRGNLHSNLMAAKYLITENPQWSIQVVDSTKHLGQTSHFELSEPNLPLKCIVLKKVTRFFTVIGALLLIVAGFLIVYVAVVIYRVKQKEALLAVDQFQKDIINELIYLSSQSESPEVVINQLQEKFLPAKKRSKLLSSWNKALKQLEKNDSRVLFGMVNRDGKAMRTIAWNRNVDKKDVGLVKKWQSPAFDNSNKIANPPTPCLKIRHMFDSSEVDQANLKQSIVESIIEKVGTRCKICDVQLDVQSCCVYIRCASEEDAGTIHKEINGWWFDKRLISIKFLRLERYLSRFPKPSAEPLYFHTNEAANTHS
","00000000000000000000000000000000000000000000000000000000000000000000000000000000000000000000000000000000000000000000000000000000000000000000000000000000000000000000000000000000000000000000000000000000000000000000000000000000000000000000000000000000000000000000000000000000000000000000000000000000000000000000000000000000000000000000000000000000000000000000000000000000000000000000000000000011111111111000000000000000000000000000000000000000000000000000000000000000000000000000000000000000000000000000000000000000000000000000000000000000000000000000000000000000000000000000000000000000000000000000000000000000000000000000000000000000000000000000000000
","Nucleus inner membrane, Cytoplasm, Nucleus, nucleoplasm, Cytoplasm, cytoskeleton, spindle pole","[390, 391, 392, 393, 394, 395, 396, 397, 398, 399, 400]","['V', 'L', 'K', 'K', 'V', 'T', 'R', 'F', 'F', 'T', 'V']"
2516,Q8MLV1,Drosophila melanogaster (Fruit fly),Lamin-B receptor,AH,"MQHSPSTTTDHIHFAARFFDRNSYTMDRRLRRPRRTEDVSSGPLLAQSKQPSLLPVTRRTGSVTAAGATATATATAGPATRTRASPSRNKVVAPPSPDLGPRTRRSSRPRSSVGPLTGSGSGSSLPIKAAIKARTPIPEVSEVSSPIRLSTSNLPMTLTTNTSSGAPNKAFNTSSVNSGNSFSRTTTSSTTTTTERIEIRAEGDGEVDTDSIRKRITERLRRSVSKTISNLAGTPVTNTEEGSRYSRSVSRSVYDDEKSSKRSYSTGEEDIDEEDELEEDQFRSFNVTRKSATPAEISCRQLKAPREFGGWLGAFLFLLLLPTAVYYLTWSCTARNACQFKHLNLGILLDVNYLTRQVFQPRVVGAFAAYQVVVFLLVALLPGRRVHLTRETYKFNCLAVSLTLLIASGVAEYLKYPVVTFVLRHYLRFCIFGLVGAFVAAAWSYWLVDTAKYNVLRQTLTNDYGRTGSFVVDFALGRQLNPKWLGRVDWKQFQYRLSLVTTLIYATCYIYQTLVWPQKPQLGEQEGYLYQAKYYWNNVNYDPATLFSASCLLFYVLDAIIFEHHLSSSFELQHEGYGCLLLLRYAATPYLLTAVTKYFYEQRVPISCWYAPLAVAALLSLGLLVKRFSCAYKYKYRLNSQSPIFANIETIHTYQGSRLLLSGMWGWVRQPNYLGDIVALLALAAPMALRPAWPPVLGLSLIILLLLHRATRANARNQARYHSSWQRYSTQVRSYILPRVY
","000000000000000000000000000000000000000000000000000000000000000000000000000000000000000000000000000000000000000000000000000000000000000000000000000000000000000000000000000000000000000000000000000000000000000000000000000000000000000000000000000000000000000000000000000000000000000000000000000000000000000000000000000000000000000000000000000000000000000011111100000000000000000000000000000000000000000000000000000000000000000000000000000000000000000000000000000000000000000000000000000000000000000000000000000000000000000000000000000000000000000000000000000000000000000000000000000000000000000000000000000000000000000000000000000000000000000000000000000000000000000000000000000000000000000000000000000000000000000000000000000000000000000000000
",Nucleus inner membrane,"[352, 353, 354, 355, 356, 357]","['Y', 'L', 'T', 'R', 'Q', 'V']"
1957,Q5F334,Gallus gallus (Chicken),Leucine-rich repeat-containing protein 59,AH,"MARGGGKSGSLKDKLDGNELDLSLCGLSEVPVRELAALPKATVLDLSCNSLVSLPSDFCSLTHLVKLDLSKNRLQQLPVDFGRLVSLQHLDLLNNRLVTLPVSFAQLKLSLHHSPVEILSRLLGTPSSLLVFHSFHSWENQNLKWLDLKDNPLDPVLAKVAGDCLDEKQCKQAAVRVLQHMKVIQSEQDRERQRKLQAEREMEKKREAEQRAREAQERELRKREKAEEKERRRREYDAQRAAKQEMEKKTKKETVQTRKLASSSRPPQPARHKHSWSRSVLRALLLVLLCILCTLAVCKLTELQHQPLCVSVNTLYEDVVAAVQNHKTLQNMLQQNSQQ
","000000000000000000000000000000000000000000000000000000000000000000000000000000000000000000000000000000000000000000000000000000000000000000000000000000000000000000000000001111110000000000000000000000000000000000000000000000000000000000000000000000000000000000000000000000000000000000000000000000000000000000000000000000000000000000000000000
","Microsome membrane, Endoplasmic reticulum membrane, Nucleus envelope","[170, 171, 172, 173, 174, 175]","['K', 'Q', 'A', 'A', 'V', 'R']"
2051,Q5ZJY9,Gallus gallus (Chicken),Nuclear envelope integral membrane protein 2,AH,"MGPRRLPWARPGPALGLLLLALAGAVPAAGGSCSLLEEGNTIQKLHEDCFCYVQNRTMHLQYIWSTVQVKINSTRTFRFVPTPEKSNCRNSETVFEFAACAVQILWRPETSTETFLKIKQYGEDFCFRIQPFKEELYTVSMTREMLDGKLLFLFAAGIFLFHFANSLSRSTNFFYLSGIILGVLALLVFVLLALKRFIPRRSTFWILLSGCWMSSLYLIYCFKENMQWLWSEHRIYVLGYFVAVGTLSFATCYQHGPLTSELSITLFTWTLQLTAFVFIYCGVNIPQVAYAIIAVKPSPKGLGYPPAAAWHIGRKMKNHFQSKKVVVRCLTEEEYREQGETETVRALEELRSFCKNPDFSSWLAVSKLQSPHRFAGFVLGSPHVSPAETKAHDEEYGIGSSFLEEQLFETRTESEQDETTSYIHEGDDENEDEIHEPISFPYATELL
","000000000000000000000000000000000000000000000000000000000000000000000000000000000000000000000000000000000000000000000000000000000000000000000000000000000000000000000000000000000000000000000000000000000000000000000000000111111100000000000000000000000000000000000000000000000000000000000000000000000000000000000000000000000000000000000000000000000000000000000000000000000000000000000000000000000000000000000000000000000000000000000000000000000000000
",Nucleus inner membrane,"[219, 220, 221, 222, 223, 224, 225]","['Y', 'C', 'F', 'K', 'E', 'N', 'M']"
524,Q9HD36,Homo sapiens (Human),Bcl-2-like protein 10,AH,"MVDQLRERTTMADPLRERTELLLADYLGYCAREPGTPEPAPSTPEAAVLRSAAARLRQIHRSFFSAYLGYPGNRFELVALMADSVLSDSPGPTWGRVVTLVTFAGTLLERGPLVTARWKKWGFQPRLKEQEGDVARDCQRLVALLSSRLMGQHRAWLQAQGGWDGFCHFFRTPFPLAFWRKQLVQAFLSCLLTTAFIYLWTRLL
","000000000000011111110000000000000000000000000000000000000000000000000000000000000000000000000000000000000000000000000000000000000000000000000000000000000000000000000000000000000000000000000000000000000000
","Mitochondrion, Nucleus membrane, Endoplasmic reticulum","[13, 14, 15, 16, 17, 18, 19]","['P', 'L', 'R', 'E', 'R', 'T', 'E']"
339,Q9BXK5,Homo sapiens (Human),Bcl-2-like protein 13,AH,"MASSSTVPLGFHYETKYVVLSYLGLLSQEKLQEQHLSSPQGVQLDIASQSLDQEILLKVKTEIEEELKSLDKEISEAFTSTGFDRHTSPVFSPANPESSMEDCLAHLGEKVSQELKEPLHKALQMLLSQPVTYQAFRECTLETTVHASGWNKILVPLVLLRQMLLELTRRGQEPLSALLQFGVTYLEDYSAEYIIQQGGWGTVFSLESEEEEYPGITAEDSNDIYILPSDNSGQVSPPESPTVTTSWQSESLPVSLSASQSWHTESLPVSLGPESWQQIAMDPEEVKSLDSNGAGEKSENNSSNSDIVHVEKEEVPEGMEEAAVASVVLPARELQEALPEAPAPLLPHITATSLLGTREPDTEVITVEKSSPATSLFVELDEEEVKAATTEPTEVEEVVPALEPTETLLSEKEINAREESLVEELSPASEKKPVPPSEGKSRLSPAGEMKPMPLSEGKSILLFGGAAAVAILAVAIGVALALRKK
","00000000000000000000000000000000000000000000000000000000000000000000000000000000000000000000000000000000000111111000000000000000000000000000000000000000000000000000000000000000000000000000000000000000000000000000000000000000000000000000000000000000000000000000000000000000000000000000000000000000000000000000000000000000000000000000000000000000000000000000000000000000000000000000000000000000000000000000000000000000000000000000000000000000000000000000000000000000000000000000000000000
","Mitochondrion membrane, Nucleus","[107, 108, 109, 110, 111, 112]","['G', 'E', 'K', 'V', 'S', 'Q']"
1038,O75844,Homo sapiens (Human),CAAX prenyl protease 1 homolog,AH,"MGMWASLDALWEMPAEKRIFGAVLLFSWTVYLWETFLAQRQRRIYKTTTHVPPELGQIMDSETFEKSRLYQLDKSTFSFWSGLYSETEGTLILLFGGIPYLWRLSGRFCGYAGFGPEYEITQSLVFLLLATLFSALTGLPWSLYNTFVIEEKHGFNQQTLGFFMKDAIKKFVVTQCILLPVSSLLLYIIKIGGDYFFIYAWLFTLVVSLVLVTIYADYIAPLFDKFTPLPEGKLKEEIEVMAKSIDFPLTKVYVVEGSKRSSHSNAYFYGFFKNKRIVLFDTLLEEYSVLNKDIQEDSGMEPRNEEEGNSEEIKAKVKNKKQGCKNEEVLAVLGHELGHWKLGHTVKNIIISQMNSFLCFFLFAVLIGRKELFAAFGFYDSQPTLIGLLIIFQFIFSPYNEVLSFCLTVLSRRFEFQADAFAKKLGKAKDLYSALIKLNKDNLGFPVSDWLFSMWHYSHPPLLERLQALKTMKQH
","0000000000000000000000000000000000000000000000000000000000000000000000000000000000000000000000000011111111111100000000000000000000000000000000000000000000000000011111111000000000000000000000000000000000000000000000000000000000000000000000000000000000000000000000000000000000000000000000000000000000000000000000000000000000000000000000000000000000000000000000000000000000000000000000000000000000000000000000000000000000000000000000000000000000000000000000000000000000000000000
","Endoplasmic reticulum membrane, Nucleus inner membrane","[98, 99, 100, 101, 102, 103, 104, 105, 106, 107, 108, 109, 161, 162, 163, 164, 165, 166, 167, 168]","['P', 'Y', 'L', 'W', 'R', 'L', 'S', 'G', 'R', 'F', 'C', 'G', 'F', 'F', 'M', 'K', 'D', 'A', 'I', 'K']"
302,Q96S66,Homo sapiens (Human),Chloride channel CLIC-like protein 1,AH,"MLCSLLLCECLLLVAGYAHDDDWIDPTDMLNYDAASGTMRKSQAKYGISGEKDVSPDLSCADEISECYHKLDSLTYKIDECEKKKREDYESQSNPVFRRYLNKILIEAGKLGLPDENKGDMHYDAEIILKRETLLEIQKFLNGEDWKPGALDDALSDILINFKFHDFETWKWRFEDSFGVDPYNVLMVLLCLLCIVVLVATELWTYVRWYTQLRRVLIISFLFSLGWNWMYLYKLAFAQHQAEVAKMEPLNNVCAKKMDWTGSIWEWFRSSWTYKDDPCQKYYELLLVNPIWLVPPTKALAVTFTTFVTEPLKHIGKGTGEFIKALMKEIPALLHLPVLIIMALAILSFCYGAGKSVHVLRHIGGPESEPPQALRPRDRRRQEEIDYRPDGGAGDADFHYRGQMGPTEQGPYAKTYEGRREILRERDVDLRFQTGNKSPEVLRAFDVPDAEAREHPTVVPSHKSPVLDTKPKETGGILGEGTPKESSTESSQSAKPVSGQDTSGNTEGSPAAEKAQLKSEAAGSPDQGSTYSPARGVAGPRGQDPVSSPCG
","00000000000000000000000000000000000000000000000000000000000000000000000000000000000000000000000000000000000000000000000000000000000000000000000000000000000000000000000000000000000000000000000000000000000000000000000000000000000000000000000000000000000000000000000000000000000000000000000000000000000000000000000000111111111111100000000000000000000000000000000000000000000000000000000000000000000000000000000000000000000000000000000000000000000000000000000000000000000000000000000000000000000000000000000000000000000000000000000000000000000000000000000
","Endoplasmic reticulum membrane, Golgi apparatus membrane, Nucleus membrane","[314, 315, 316, 317, 318, 319, 320, 321, 322, 323, 324, 325, 326]","['I', 'G', 'K', 'G', 'T', 'G', 'E', 'F', 'I', 'K', 'A', 'L', 'M']"
278,Q96KC8,Homo sapiens (Human),DnaJ homolog subfamily C member 1,AH,"MTAPCSQPAQLPGRRQLGLVPFPPPPPRTPLLWLLLLLLAAVAPARGWESGDLELFDLVEEVQLNFYQFLGVQQDASSADIRKAYRKLSLTLHPDKNKDENAETQFRQLVAIYEVLKDDERRQRYDDILINGLPDWRQPVFYYRRVRKMSNAELALLLFIILTVGHYAVVWSIYLEKQLDELLSRKKREKKKKTGSKSVDVSKLGASEKNERLLMKPQWHDLLPCKLGIWFCLTLKALPHLIQDAGQFYAKYKETRLKEKEDALTRTELETLQKQKKVKKPKPEFPVYTPLETTYIQSYDHGTSIEEIEEQMDDWLENRNRTQKKQAPEWTEEDLSQLTRSMVKFPGGTPGRWEKIAHELGRSVTDVTTKAKQLKDSVTCSPGMVRLSELKSTVQNSRPIKTATTLPDDMITQREDAEGVAAEEEQEGDSGEQETGATDARPRRRKPARLLEATAKPEPEEKSRAKRQKDFDIAEQNESSDEESLRKERARSAEEPWTQNQQKLLELALQQYPRGSSDRWDKIARCVPSKSKEDCIARYKLLVELVQKKKQAKS
","00000000000000000000000000000000000000000000000000000000000000000000000000000000000000000000000000000000000000000000000000000000000000000000000000000000000000000000000000000000000000000000000000000000000000000000000000000000000000111111111100000000000000000000000000000000000000000000000000000000000000000000000000000000000000000000000000000000000000000000000000000000000000000000000000000000000000000000000000000000000000000000000000000000000000000000000000000000000000000000000000000000000000000000000000000000000000000000000000000111111111111111111111
","Endoplasmic reticulum membrane, Nucleus membrane, Microsome membrane","[230, 231, 232, 233, 234, 235, 236, 237, 238, 239, 533, 534, 535, 536, 537, 538, 539, 540, 541, 542, 543, 544, 545, 546, 547, 548, 549, 550, 551, 552, 553]","['F', 'C', 'L', 'T', 'L', 'K', 'A', 'L', 'P', 'H', 'D', 'C', 'I', 'A', 'R', 'Y', 'K', 'L', 'L', 'V', 'E', 'L', 'V', 'Q', 'K', 'K', 'K', 'Q', 'A', 'K', 'S']"
2924,O14681,Homo sapiens (Human),Etoposide-induced protein 2.4 homolog,AH,"MADSVKTFLQDLARGIKDSIWGICTISKLDARIQQKREEQRRRRASSVLAQRRAQSIERKQESEPRIVSRIFQCCAWNGGVFWFSLLLFYRVFIPVLQSVTARIIGDPSLHGDVWSWLEFFLTSIFSALWVLPLFVLSKVVNAIWFQDIADLAFEVSGRKPHPFPSVSKIIADMLFNLLLQALFLIQGMFVSLFPIHLVGQLVSLLHMSLLYSLYCFEYRWFNKGIEMHQRLSNIERNWPYYFGFGLPLAFLTAMQSSYIISGCLFSILFPLFIISANEAKTPGKAYLFQLRLFSLVVFLSNRLFHKTVYLQSALSSSTSAEKFPSPHPSPAKLKATAGH
","0000000000000000000000000000000000000000000000000000000000000000000000000000000000000000000000000000000000000000000000000000000000000000000000000000000000000000000000000000000000000000000000000000000000000000000000000000000000000000000000000000000000000000000000000000000000000000000000000000000000111111111111111000000000000000000000000000
","Nucleus membrane, Cytoplasm, Endoplasmic reticulum membrane","[298, 299, 300, 301, 302, 303, 304, 305, 306, 307, 308, 309, 310, 311, 312]","['F', 'L', 'S', 'N', 'R', 'L', 'F', 'H', 'K', 'T', 'V', 'Y', 'L', 'Q', 'S']"
1291,P40305,Homo sapiens (Human),"Interferon alpha-inducible protein 27, mitochondrial",AH,"MEASALTSSAVTSVAKVVRVASGSAVVLPLARIATVVIGGVVAMAAVPMVLSAMGFTAAGIASSSIAAKMMSAAAIANGGGVASGSLVATLQSLGATGLSGLTKFILGSIGSAIAAVIARFY
","00001111111111111111100000000000000000000000000000000000000000000000000000000000000000000000000000000000000000000000000000
","Mitochondrion membrane, Nucleus inner membrane, Endoplasmic reticulum membrane","[4, 5, 6, 7, 8, 9, 10, 11, 12, 13, 14, 15, 16, 17, 18, 19, 20]","['A', 'L', 'T', 'S', 'S', 'A', 'V', 'T', 'S', 'V', 'A', 'K', 'V', 'V', 'R', 'V', 'A']"
2929,O15173,Homo sapiens (Human),Membrane-associated progesterone receptor component 2,AH,"MAAGDGDVKLGTLGSGSESSNDGGSESPGDAGAAAEGGGWAAAALALLTGGGEMLLNVALVALVLLGAYRLWVRWGRRGLGAGAGAGEESPATSLPRMKKRDFSLEQLRQYDGSRNPRILLAVNGKVFDVTKGSKFYGPAGPYGIFAGRDASRGLATFCLDKDALRDEYDDLSDLNAVQMESVREWEMQFKEKYDYVGRLLKPGEEPSEYTDEEDTKDHNKQD
","0000000000000000000000000000000000000000000000000000000000000000000000000000000000000000000000000000000000000000000000000000000000000000000000000000000000000000000000000000000000000001111111000000000000000000000000000000000
","Membrane, Nucleus envelope, Endoplasmic reticulum","[183, 184, 185, 186, 187, 188, 189]","['R', 'E', 'W', 'E', 'M', 'Q', 'F']"
2324,Q86UE4,Homo sapiens (Human),Protein LYRIC,AH,"MAARSWQDELAQQAEEGSARLREMLSVGLGFLRTELGLDLGLEPKRYPGWVILVGTGALGLLLLFLLGYGWAAACAGARKKRRSPPRKREEAAAVPAAAPDDLALLKNLRSEEQKKKNRKKLSEKPKPNGRTVEVAEGEAVRTPQSVTAKQPPEIDKKNEKSKKNKKKSKSDAKAVQNSSRHDGKEVDEGAWETKISHREKRQQRKRDKVLTDSGSLDSTIPGIENTITVTTEQLTTASFPVGSKKNKGDSHLNVQVSNFKSGKGDSTLQVSSGLNENLTVNGGGWNEKSVKLSSQISAGEEKWNSVSPASAGKRKTEPSAWSQDTGDANTNGKDWGRSWSDRSIFSGIGSTAEPVSQSTTSDYQWDVSRNQPYIDDEWSGLNGLSSADPNSDWNAPAEEWGNWVDEERASLLKSQEPIPDDQKVSDDDKEKGEGALPTGKSKKKKKKKKKQGEDNSTAQDTEELEKEIREDLPVNTSKTRPKQEKAFSLKTISTSDPAEVLVKNSQPIKTLPPATSTEPSVILSKSDSDKSSSQVPPILQETDKSKSNTKQNSVPPSQTKSETSWESPKQIKKKKKARRET
","000000000000000000000000000000000000000000000000000000000000000000000000000001111110000000000000000000000000000000000000000000000000000000000000000000000000000000000000000000000000000000000000000000000000000000000000000000000000000000000000000000000000000000000000000000000000000000000000000000000000000000000000000000000000000000000000000000000000000000000000000000000000000000000000000000000000000000000000000000000000000000000000000000000000000000000000000000000000000000000000000000000000000000000000000000000000000000000000000000000000000000000000000000000000000000000000000000
","Endoplasmic reticulum membrane, Nucleus membrane, Cell junction, tight junction, Nucleus, nucleolus, Cytoplasm, perinuclear region","[77, 78, 79, 80, 81, 82]","['A', 'R', 'K', 'K', 'R', 'R']"
14,Q8N9R8,Homo sapiens (Human),Protein SCAI,AH,"MVRGARQPQQPRSRLAPRLTGTVEKPPRKRRSRTEFALKEIMSSGGAEDDIPQGERKTVTDFCYLLDKSKQLFNGLRDLPQYGQKQWQSYFGRTFDVYTKLWKFQQQHRQVLDNRYGLKRWQIGEIASKIGQLYYHYYLRTSETSYLNEAFSFYSAIRQRSYYSQVNKEDRPELVVKKLRYYARFIVVCLLLNKMDVVKDLVKELSDEIEDYTHRFNTEDQVEWNLVLQEVAAFIEADPVMVLNDDNTIVITSNRLAETGAPLLEQGMIVGQLSLADALIIGNCNNQVKFSELTVDMFRMLQALEREPMNLASQMNKPGMQESADKPTRRENPHKYLLYKPTFSQLYTFLAASFKELPANSVLLIYLSATGVFPTGRSDSEGPYDFGGVLTNSNRDIINGDAIHKRNQSHKEMHCLHPGDLYPFTRKPLFIIVDSSNSVAYKNFTNLFGQPLVCLLSPTAYPKALQDQSQRGSLFTLFLNNPLMAFLFVSGLSSMRRGLWEKCQEYLRKINRDIAQLLTHSRSIDQAFLQFFGDEFLRLLLTRFIFCSATMRMHKIFRETRNYPESYPQLPRDETVENPHLQKHILELASILDVRNVFFENTIDDY
","000000000000000000000000000000000000000000000000000000000000000000000000000000000000000000000000000000000000000000000000000000000000000000000000000000000000000000000000000000000000000000000000000000000000000000000000000000000000000000000000000000000000000000000000000000000000000000000000000000000000000000000000000000000000000000000000000000000000000000000000000000000000000000000000000000000000000000000000000000000000000000000000000000000000000000000000000000000000000000000000000000000000000000000000001111110000000000000000000000000000000000000000000000000000000000000000000000000000000000000000000000
","Membrane, Nucleus, Cytoplasm","[506, 507, 508, 509, 510, 511]","['L', 'R', 'K', 'I', 'N', 'R']"
493,Q9H1E5,Homo sapiens (Human),Thioredoxin-related transmembrane protein 4,AH,"MAGGRCGPQLTALLAAWIAAVAATAGPEEAALPPEQSRVQPMTASNWTLVMEGEWMLKFYAPWCPSCQQTDSEWEAFAKNGEILQISVGKVDVIQEPGLSGRFFVTTLPAFFHAKDGIFRRYRGPGIFEDLQNYILEKKWQSVEPLTGWKSPASLTMSGMAGLFSISGKIWHLHNYFTVTLGIPAWCSYVFFVIATLVFGLFMGLVLVVISECFYVPLPRHLSERSEQNRRSEEAHRAEQLQDAEEEKDDSNEEENKDSLVDDEEEKEDLGDEDEAEEEEEEDNLAAGVDEERSEANDQGPPGEDGVTREEVEPEEAEEGISEQPCPADTEVVEDSLRQRKSQHADKGL
","0000000000000000000000000000000000000000000000000000000000000000000000000000000000000000000000000000000000000000000000000000000000000000000000000000000000000000001111111100000000000000000000000000000000000000000000000000000000000000000000000000000000000000000000000000000000000000000000000000000000000000000000000000000000000000000000000000000000000
",Nucleus inner membrane,"[162, 163, 164, 165, 166, 167, 168, 169]","['L', 'F', 'S', 'I', 'S', 'G', 'K', 'I']"
2001,Q5SNT2,Homo sapiens (Human),Transmembrane protein 201,AH,"MEGVSALLARCPTAGLAGGLGVTACAAAGVLLYRIARRMKPTHTMVNCWFCNQDTLVPYGNRNCWDCPHCEQYNGFQENGDYNKPIPAQYLEHLNHVVSSAPSLRDPSQPQQWVSSQVLLCKRCNHHQTTKIKQLAAFAPREEGRYDEEVEVYRHHLEQMYKLCRPCQAAVEYYIKHQNRQLRALLLSHQFKRREADQTHAQNFSSAVKSPVQVILLRALAFLACAFLLTTALYGASGHFAPGTTVPLALPPGGNGSATPDNGTTPGAEGWRQLLGLLPEHMAEKLCEAWAFGQSHQTGVVALGLLTCLLAMLLAGRIRLRRIDAFCTCLWALLLGLHLAEQHLQAASPSWLDTLKFSTTSLCCLVGFTAAVATRKATGPRRFRPRRFFPGDSAGLFPTSPSLAIPHPSVGGSPASLFIPSPPSFLPLANQQLFRSPRRTSPSSLPGRLSRALSLGTIPSLTRADSGYLFSGSRPPSQVSRSGEFPVSDYFSLLSGSCPSSPLPSPAPSVAGSVASSSGSLRHRRPLISPARLNLKGQKLLLFPSPPGEAPTTPSSSDEHSPHNGSLFTMEPPHVPRKPPLQDVKHALDLRSKLERGSACSNRSIKKEDDSSQSSTCVVDTTTRGCSEEAATWRGRFGPSLVRGLLAVSLAANALFTSVFLYQSLR
","000000000000000000000000000000001111111000000000000000000000000000000000000000000000000000000000000000000000000000000000000000000000000000000000000000000000000000000000000000000000000000000000000000000000000000000000000000000000000000000000000000000000000000000000000011111100000000000000000000000000000000000000000000000000000000000000000000000000000000000000000000000000000000000000000000000000000000000000000000000000000000000000000000000000000000000000000000000000000000000000000000000000000000000000000000000000000000000000000000000000000000000000000000000000000000000000000000000000000000000000000000000000000000000000000000000000000000000000000000000000000000
","Nucleus inner membrane, Cytoplasm, cytoskeleton, spindle pole","[32, 33, 34, 35, 36, 37, 38, 268, 269, 270, 271, 272, 273]","['Y', 'R', 'I', 'A', 'R', 'R', 'M', 'E', 'G', 'W', 'R', 'Q', 'L']"
2880,H0YL14,Homo sapiens (Human),Transmembrane protein 250,AH,"MPVMPIPRRVRSFHGPHTTCLHAACGPVRASHLARTKYNNFDVYIKTRWLYGFIRFLLYFSCSLFTAALWGALAALFCLQYLGVRVLLRFQRKLSVLLLLLGRRRVDFRLVNELLVYGIHVTMLLVGGLGWCFMVFVDM
","0000000000000000000000000000000000000000000000000000000000000000000000000000000000000000000000000000000000111111110000000000000000000000000
","Membrane, Nucleus, Cytoplasm","[106, 107, 108, 109, 110, 111, 112, 113]","['D', 'F', 'R', 'L', 'V', 'N', 'E', 'L']"
375,Q9D1E8,Mus musculus (Mouse),1-acyl-sn-glycerol-3-phosphate acyltransferase epsilon,AH,"MLLSLVLHTYSMRYLLPSVLLLGSAPTYLLAWTLWRVLSALMPARLYQRVDDRLYCVYQNMVLFFFENYTGVQILLYGDLPKNKENVIYLANHQSTVDWIVADMLAARQDALGHVRYVLKDKLKWLPLYGFYFAQHGGIYVKRSAKFNDKEMRSKLQSYVNAGTPMYLVIFPEGTRYNATYTKLLSASQAFAAQRGLAVLKHVLTPRIKATHVAFDSMKSHLDAIYDVTVVYEGNEKGSGKYSNPPSMTEFLCKQCPKLHIHFDRIDRNEVPEEQEHMKKWLHERFEIKDRLLIEFYDSPDPERRNKFPGKSVHSRLSVKKTLPSVLILGSLTAVMLMTESGRKLYMGTWLYGTLLGCLWFVIKA
","00000000000000000000000000000000000000000001111111000000000000000000000000000000000000000000000000000000000000000000000000000000000000000000000000000000000000000000000000000000000000000000000000000000000000000000000000000000000000000000000000000000000000000000000000000000000000000000000000000000000000000000000000000000000000000000000000000000000000000000000000000
","Endoplasmic reticulum membrane, Nucleus envelope, Mitochondrion","[43, 44, 45, 46, 47, 48, 49]","['A', 'R', 'L', 'Y', 'Q', 'R', 'V']"
1379,P70245,Mus musculus (Mouse),"3-beta-hydroxysteroid-Delta(8),Delta(7)-isomerase",AH,"MTTNTVPLHPYWPRHLKLDNFVPNDLPTSHILVGLFSISGGLIVITWLLSSRASVVPLGAGRRLALCWFAVCTFIHLVIEGWFSLYNGILLEDQAFLSQLWKEYSKGDSRYILSDSFVVCMETVTACLWGPLSLWVVIAFLRQQPFRFVLQLVVSMGQIYGDVLYFLTELHEGLQHGEIGHPVYFWFYFVFLNAVWLVIPSILVLDAIKHLTSAQSVLDSKVMKIKSKHN
","00000000000000000000000000000000000000000000000000000000000000000000000000000000000000000000000011111100000000000000000000000000000000000000000000000000000000000000000000000000000000000000000000000000000000000000000000000000000000
","Endoplasmic reticulum membrane, Nucleus envelope, Cytoplasmic vesicle","[96, 97, 98, 99, 100, 101]","['L', 'S', 'Q', 'L', 'W', 'K']"
1984,Q5NCP0,Mus musculus (Mouse),E3 ubiquitin-protein ligase RNF43,AH,"MSGGHQLQLAVLWPWLLMATLHAGFGHTGRVLAAAVESERSAEQKAVIRVIPLKMDPTGKLNLTLEGVFAGVAEVTPAEGKLMQSHPLYLCNASDDDNLEPGFISIVKLESPRRAPRPCLSLASKARMAGERGANAVLFDITEDRSAAEQLQQPLGLTKPVVLIWGSDAAKLMEFVYKNRKAYVWIELKEPPAGANYDVWILLTVVGTVFVIILASVLRIRCRPHHSRPDPLQQRTARAISQLATRRYQAGCRRARAEWPDSGSSCSSTPVCAICLEEFSEGQELRVISCLHEFHRTCVDPWLYQHRTCPLCMFNIVEGDSFSQAPAASPSYQEPGRRLHLIRQHPGHAHYHLPSAYLLGPSRTSVARTPRPRPFLPSQEPSMGSRHQRLPRTSHLRAPEEQQHLAVSPHPYAQGWGLNRLRCTSQHPAACPVALRRARPHESSGSGESYCTERSGYLADGPASDSSSGPCHGSSSDSVVNCTDVSLQGIHGSSSTFRSSLSSDFDPLVYCSPEGDLQGKGIQPSVTSRPRSLDSVVPRGETQVSSHIHYHRHRHHHYKRQFQWHGRKPGPETGIPQSMPAASHTQLEPSLPDQQLITPNPTASSMLPNPQRPRALTEPAPGLAEASSPSPSPKPNPSGLLNLQKSSLTVRHPHRKRRGGPSEPLPTSLPPDLTVHTACPVFPHYSPRLAYPWPPEVHPLMFRPPGPDRRLLHEVPGPCYSSSQPVWLYLNPCQPLGPCLPGEGHSKWTFDSPEGRRCPYSHCQVLPAQPGSEEELEELCEQAV
","0000000000000000000000000000000000000000000000000000000000000000000000000000000000000000000000000000000000000000000000000000111111000000000000000000000000000000000000000000000000000000000000000000000000000000000000000000000000000000000000000000000000000000000000000000000000000000000000000000000000000000000000000000000000000000000000000000000000000000000000000000000000000000000000000000000000000000000000000000000000000000000000000000000000000000000000000000000000000000000000000000000000000000000000000000000000000000000000000000000000000000000000000000000000000000000000000000000000000000000000000000000000000000000000000000000000000000000000000000000000000000000000000000000000000000000000000000000000000000000000000000000000000000000000000000000000000000000000000000000000000000
","Cell membrane, Endoplasmic reticulum membrane, Nucleus envelope","[124, 125, 126, 127, 128, 129]","['K', 'A', 'R', 'M', 'A', 'G']"
102,Q8VEG4,Mus musculus (Mouse),Exonuclease 3'-5' domain-containing protein 2,AH,"MSRQNLVALTVTTLLGVAMGGFVLWKGIQRRWSKTSRVMQQQPQQPQQPQQPQPQPQPQPQPQPEHPQPQQQVPGGREWPPPEDDQLPFGALRAPRASWEERILQAEVVTVSQEAEWNQIQPFLKRELEDFPVLGIDCEWVNLEGKASPLSLLQMASPSGFCALVRLPRLIYGGRTLPRTLLDILADGAILKVGVGCSEDANKLLQDYGLIVRGCLDLRYLAMKQGNNILCNGLSLKSLAETILNFPLDKSLLLRCSNWDAENLTEDQVTYAARDAQISVALFLHLLGYPFSRDSYEEESTDQINWQKALERCRNMVDIPFRSKGLGRLVEEVNGEALESQLKPRNRKAKTDRMVPGNNQGRDPRKHKRKPLGVGYSARKSPLYDNCFLQAPDGQPLCTCDRRKAQWYLDKGIGELVSKEPFVVRLQFEPAGRPESPGDYYLMVKENLCVVCGKTDTYIRKNIIPHEYRKHFPIEMKDHNSHDVLLLCTSCHAISNYYDNHLKQQLAKEFQAPIGSEEGLRLLEDLERRQVRSGARALLNAESLPAHRKEELLHALREFYNTDIITEEMLHEAASLETRIYNESYIPHGLKVVQRHTEGGLRSLMQLESRWRQHFLDSMQPKHLPQQWSVDHNHQKLLRKYGDDLPIKLS
","00000000000000000000001111111111111110000000000000000000000000000000000000000000000000000000000000000000000000000000000000000000000000000000000000000000000000000000000000000000000000000000000000000000000000000000000000000000000000000000000000000000000000000000000000000000000000000000000000000000000000000000000000000000000000000000000000000000000000000000000000000000000000000000000000000000000000000000000000000000000000000000000000000000000000000000000000000000000000000000000000000000000000000000000000000000000000000000000000000000000000000000000000000000000000000000000000000000000000000000000000000000000000000000000000000000000000000000000000
","Mitochondrion outer membrane, Mitochondrion matrix, Nucleus, Chromosome","[22, 23, 24, 25, 26, 27, 28, 29, 30, 31, 32, 33, 34, 35, 36]","['V', 'L', 'W', 'K', 'G', 'I', 'Q', 'R', 'R', 'W', 'S', 'K', 'T', 'S', 'R']"
899,Q9WU40,Mus musculus (Mouse),Inner nuclear membrane protein Man1,AH,"MAAATAAAAPQQLSDEELFSQLRRYGLSPGPVTESTRPVYLKKLKKLREEEQQQQQQQQQQQHRAGGRGNKTRNSNNNNTATAMGGRPGSGDLAYLRSPAGLGRLSASAAESPVAGGSGGAAAVPAAGSKVLLGFSSDESDVEASPREQAGGGGGGGARRDRAALQYRGLRAPPAPPAAGEVTGGHPGERRKPHSWWGARRPAGPEPQPPAAGSDGAAEDADEELADGEDRDPEAEEPLWASRAVNGSRLLPYSSCREHYSDSEEEEEEGEEDGDVAPARQVLKDDSLARHRPRRSHSKPFSALTAKSGGSRQETSVQGGGALAMNDRAAAAGSLDRSRNLEEAAAEPGGGGGGGCGCDPVDSIPRYRAGAKKLAPLLSPPSPDGDSTLESPTGPLLKTNNHIGGGAFGVDSPGLYANSLPPGATAAAAPGTLRINHANHTGSNHTYLKTAYGKPKLCEPEEELLQQFKREEVSPTGSFSAHYLSMFLLTAACLFFLILGLTYLGMRGTGVPEDGGLIKNPFDETFGKIQESEKNLLMSTLYKLHDRLAQIAGDHECGSSSQRMLSVQEAAAYLKNLGPEYEDVFNTSLLWIFKNGKDVGIRCVGYGPEEDLTNITDVQFLQSTRPQMPFWCRFRRAFITVTHRLLLLCLGVVLVCVALRYMRYRWTKEEEETRQMYDMVVKIIDVLRSHNEACQETKDLQPYMPLPHVRDSLIQPQDRKKMKKVWDRAVDFLAANESRVRTETRRVGGADFLVWRWIQPSASCDKTLVIPSKVWQGQAFHLDRRNSPPNSLTPCLKIRNMFDPVMEIGDHWHLAIQEAILEKCSDNDGIVHIAVDRNSREGCVYVKCLSPEYAGKAFKALHGSWFDGKLVTVKYLRLDRYHHRFPQALTCNTPLKPANKHMNSLSHLRLRTGLANSQGSS
","000000000000000000000000000000000000000000000000000000000000000000000000000000000000000000000000000000000000000000000000000000000000000000000000000000000000000000000000000000000000000000000000000000000000000000000000000000000000000000000000000000000000000000000000000000000000000000000000000000000000000000000000000000000000000000000000000000000000000000000000000000000000000000000000000000000000000000000000000000000000000000000000000000000000000000000000000000000000000000000000000000000000000000000000000000000000000000000000000000000000000000000000000000000000000000000000000000000000000000000000000000000000000000000000000001111111111110000000000000000000000000000000000000000000000000000000000000000000000000000001111111111100000000000000000000000000000000000000000000000000000000000000000000000000000000000000000000000000000000000000000000000000000000000000000000000000000000000000000000000000000000000000000000000
",Nucleus inner membrane,"[629, 630, 631, 632, 633, 634, 635, 636, 637, 638, 639, 640, 719, 720, 721, 722, 723, 724, 725, 726, 727, 728, 729]","['F', 'W', 'C', 'R', 'F', 'R', 'R', 'A', 'F', 'I', 'T', 'V', 'K', 'K', 'M', 'K', 'K', 'V', 'W', 'D', 'R', 'A', 'V']"
2127,Q6DVA0,Mus musculus (Mouse),LEM domain-containing protein 2,AH,"MAGLSDLELRRELQALGFQPGPITDTTRNVYRNKLRRLRGEARLRDDERLREDAGPREDAGPRGPERQREEARLREEAPLRARPAASVLRSEPWPLSPSPPAPSAASDASGPYGNFGASASPWAASRGLSYPPHAGPGPLRRRASVRGSSEDDEDTRTPDRHAPGRGRHWWAPPSASARPHSALLGADARPGLKGSRTGSAGAGRTRPEVGRWLERCLSRLLLWASLGLLLGFLAILWVKMGKPSAPQEAEDNMKLLPVDCERKTDEFCQAKQKAALLELLHELYNFLAIQAGNFECGNPEKLKSKCIPVLEAQEYIANVTSSPSSRFKAALTWILSSNKDVGIWLKGEDPSELATTVDKVVCLESARPRMGIGCRLSRALLTAVTHVLIFFWCLAFLWGLLILLKYRWRKLEEEEQAMYEMVKKIIDVVQDHYVDWEQDMERYPYVGILHVRDSLIPPQSRRRMKRVWDRAVEFLASNESRIQTESHRVAGEDMLVWRWTKPSSFSDSER
","0000000000000000000000000000111111111100000000000000000000000000000000000000000000000000000000000000000000000000000000000000000000000000000000000000000000000000000000000000000000000000000000000000000000000000000000000000000000000000000000000000000000000000000000000000000000000000000000000000000000000000000000000000000000000000000000000000000000000000000000000000000000000001111111111100000000000000000000000000000000000000000000000000000000000000000000000000000000000000000000000000000000000000000000000000000
",Nucleus inner membrane,"[28, 29, 30, 31, 32, 33, 34, 35, 36, 37, 375, 376, 377, 378, 379, 380, 381, 382, 383, 384, 385]","['N', 'V', 'Y', 'R', 'N', 'K', 'L', 'R', 'R', 'L', 'R', 'L', 'S', 'R', 'A', 'L', 'L', 'T', 'A', 'V', 'T']"
379,Q9D2V8,Mus musculus (Mouse),Major facilitator superfamily domain-containing protein 10,AH,"MGWAGDAGCTPRPPIRPRPASERRVIIVLFLGLLLDLLAFTLLLPLLPGLLERHGREQDPLYGSWQRGVDWFASAIGMPAEKRYNSVLFGGLIGSAFSLLQFFSAPLTGAASDYLGRRPVMMLSLTGLAISYAVWATSRSFKAFLASRVIGGISKGNVNLSTAIVADLGSPPTRSQGMAVIGVAFSLAFTLGPMLGAFLSVEMVPWISLLFAISDMLFIFCFLPETLPQEKRASSVTLGFHTAAHLLSPLALLRFAAVTHSQDPPAEHRLRNLRRLGLVYFLYLFLFSGLEYTLSFLAHQRFQFSSLQQGKMFFFIGLTMATIQGTYARRISPGKEAAAVTRAMLLLVPAFLLIGWAHSLPTLGLGLMLYSFAAAVVVPGLSTMVSSYGSPGQKGTIMGILRSLGALGRALGPVVAASVYWLTGAQVCFTVCSALFLLPFLLLWKLKHPAETSKEE
","000000000000000000000000000000000000000000000000000000000000000000000000000000000000000000000000000000000000000000000000000000000000000000000000000000000000000000000000000000000000000000000000000000000000000000000000000000000000000000000000000000000000000000000000001111111110000000000000000000000000000000000000000000000000000000000000000000000000000000000000000000000000000000000000000000000000000000000000000000000000000000000000000000000000000000000000
",Nucleus inner membrane,"[266, 267, 268, 269, 270, 271, 272, 273, 274]","['E', 'H', 'R', 'L', 'R', 'N', 'L', 'R', 'R']"
392,Q9D992,Mus musculus (Mouse),Membrane-anchored junction protein,AH,"MSLKPFTYPFPETRFLHAGPNVYKFKIRYGNSIRGEEIEDKEVIVQELEDSIRAVLANMDSLQPFVTEHFIVFPYKSKWERVSHLKFKHGESILTPYPFVFTLYIEMKWFAEDLPSGKPADDIPLELVLAETEAEEATMRKWKRKLMEEPSSPSRQGPHRAKMETSSEASSNKKPLKESKRSTDEEAQQEYQDTPASNAIAVKEQDAALGHGLQGLVVPPLQHSSPPPPKEPGARGFLGFLSALFPFRYFFKKSGQ
","0000000000000000000000000000000000000000111111000000000000000000000000000000000000000000000000000000000000000000000000000000000000000000000000000000000000000000000000000000000000000000000000000000000000000000000000000000000000000000000000000000000000000000
","Nucleus inner membrane, Chromosome, telomere","[40, 41, 42, 43, 44, 45]","['K', 'E', 'V', 'I', 'V', 'Q']"
50,Q8R411,Mus musculus (Mouse),Myc target protein 1,AH,"MANNTTSLGSPWPENFWEDLIMSFTVSVAIGLAIGGFLWALFVFLSRRRRASAPISQWSPTRRPRSSYNHGLNRTGFYRHSGYERRSNLSLASLTFQRQASMELVNSFPRKSSFRASTFHPFLQCPPLPVETESQLMTLSASTTPSTLSTAHSPSRPDFRWSSNSLRMGLSTPPPPAYESIIKAFPDS
","00000000000001111110000000000000000000000000000000000000000000000000000000000000000000000000000000000000000000000000000000000000000000000000000000000000000000000000000000000000000000000000
",Nucleus membrane,"[13, 14, 15, 16, 17, 18]","['E', 'N', 'F', 'W', 'E', 'D']"
2379,Q8BWM0,Mus musculus (Mouse),Prostaglandin E synthase 2,AH,"MAQAARLSWVLVSSRCALTEGLLTRPWQPLSAQSRAGFTRVAAGSRGAAVRKGSPRLLGAAALALGGALGLYHTVRWHQRSQDLRAERSAAQLPLSNSLQLTLYQYKTCPFCSKVRAFLDFHSLPYQVVEVNPVRRTEIKFSSYRKVPILVAQEGDSLQQLNDSSVIISALKTYLVSGQPLEEVITYYPPMKAMNDQGKEVTEFCNKYWLMLDEKEAQQMYGGKEARTEEMKWRQWADDWLVHLISPNVYRTPAEALASFDYIVREGKFGAVEAAMAKYVGAAAMYLISKRLKSRHHLQDDVRVDLYEAANKWVTAVGKDRPFMGGQKPNLADLAVYGVLRVMEGLEAFDDLMRHSHIQPWYLRMERAIEEAPSVHHVNPSCKD
","000000000000000000000000000000000000000000000000000000000000000000000000000000000000000000000000000000000000000000000000000000000000000000000000000000000000000000000000000000000000000000000000000000000000000000000000000000000000000000000000000000000000000000000000000000000111111111111111100000000000000000000000000000000000000000000000000000000000000000000000000000000000000000000000
","Golgi apparatus membrane, Nucleus","[273, 274, 275, 276, 277, 278, 279, 280, 281, 282, 283, 284, 285, 286, 287, 288]","['A', 'A', 'M', 'A', 'K', 'Y', 'V', 'G', 'A', 'A', 'A', 'M', 'Y', 'L', 'I', 'S']"
255,Q96DY5,Mus musculus (Mouse),RING finger protein 112,AH,"MPRPVLSVTAFCHRLGKRESKRSFMGNSSNSWVLPREEAQGWMGQAVQGGTRTSRSHASFPKLELGLGHRPSPTREPPTCSICLERLREPISLDCGHDFCIRCFSTHRIPGCELPCCPECRKICKQRKGLRSLGERMKLLPQRPLPPALQETCAVRAERLLLVRINASGGLILRMGAINRCLKHPLARDTPVCLLAVLGEQHSGKSFLLDHLLSGLPSLESGDSGRPRAEGSLPGIRWGANGLTRGIWMWSHPFLLGKEGKKVAVFLVDTGDVMSPELSKETRVKLCALTMMLSSYQILNTSQELKDTDLGYLEMFVHVAEVMGKHYGMVPIQHLDLLVRDSSHHNKSGQGHVGDILQKLSGKYPKVQELLLGKRARCYLLPAPERQWVNKDQASPRGNTEDDFSHHFRAYILDVLSTAPQHAKSRCQGYWSEGRAVARGDRRLLTGQQLAQEIKNLSGWMGKTGPSFNSPDEMAAQLHDLRKVEAAKKEFEEYVRQQDIATKRIFSALRVLPDTMRNLLSTQKDAILARHGVALLCKEREQTLEALEAELQAEAKAFMDSYTMRFCGHLAAVGGAVGAGLMGLAGGVVGAGMAAAALAAEAGMVAAGAAVGATGAAVVGGGVGAGLAATVGCMEKEEDERVQGGDREPLLQEE
","000000000000000000000000000000000000000000000000000000000000000000000000000000000000000000000000000000000000000000000000000000000000000000000000000000000000000000000000000000000000000000000000000000000000000000000000000000000000000000000000000000000000000000000000000000000000000000000000000000000000000000000000000000000000000000000000000000000000000000000000000000000000000000000000000000000000000000000000000000000000000000000000000000000000000000111111100000000000000000000000000000000000000000000000000000000000000000000000000000000000000000000000000000000000000000000000000000000000000000000000000000000000000000000000000000000000000000000000000000
","Membrane, Membrane, Cytoplasm, Nucleus, Nucleus, nuclear body, Nucleus, nucleoplasm, Endosome, Cytoplasmic vesicle, secretory vesicle, synaptic vesicle, Cell junction, synapse, postsynaptic density, Perikaryon, Cell projection, neuron projection","[450, 451, 452, 453, 454, 455, 456]","['A', 'Q', 'E', 'I', 'K', 'N', 'L']"
381,Q9D666,Mus musculus (Mouse),SUN domain-containing protein 1,AH,"MDFSRLHTYTPPQCVPENTGYTYALSSSYSSDALDFETEHKLEPVFDSPRMSRRSLRLVTTASYSSGDSQAIDSHISTSRATPAKGRETRTVKQRRSASKPAFSINHLSGKGLSSSTSHDSSCSLRSATVLRHPVLDESLIREQTKVDHFWGLDDDGDLKGGNKAATQGNGELAAEVASSNGYTCRDCRMLSARTDALTAHSAIHGTTSRVYSRDRTLKPRGVSFYLDRTLWLAKSTSSSFASFIVQLFQVVLMKLNFETYKLKGYESRAYESQSYETKSHESEAHLGHCGRMTAGELSRVDGESLCDDCKGKKHLEIHTATHSQLPQPHRVAGAMGRLCIYTGDLLVQALRRTRAAGWSVAEAVWSVLWLAVSAPGKAASGTFWWLGSGWYQFVTLISWLNVFLLTRCLRNICKVFVLLLPLLLLLGAGVSLWGQGNFFSLLPVLNWTAMQPTQRVDDSKGMHRPGPLPPSPPPKVDHKASQWPQESDMGQKVASLSAQCHNHDERLAELTVLLQKLQIRVDQVDDGREGLSLWVKNVVGQHLQEMGTIEPPDAKTDFMTFHHDHEVRLSNLEDVLRKLTEKSEAIQKELEETKLKAGSRDEEQPLLDRVQHLELELNLLKSQLSDWQHLKTSCEQAGARIQETVQLMFSEDQQGGSLEWLLEKLSSRFVSKDELQVLLHDLELKLLQNITHHITVTGQAPTSEAIVSAVNQAGISGITEAQAHIIVNNALKLYSQDKTGMVDFALESGGGSILSTRCSETYETKTALLSLFGVPLWYFSQSPRVVIQPDIYPGNCWAFKGSQGYLVVRLSMKIYPTTFTMEHIPKTLSPTGNISSAPKDFAVYGLETEYQEEGQPLGRFTYDQEGDSLQMFHTLERPDQAFQIVELRVLSNWGHPEYTCLYRFRVHGEPIQ
","0000000000000000000000000000000000000000000000000000000000000000000000000000000000000000000000000000000000000000000000000000000000000000000000000000000000000000000000000000000000000000000000000000000000000000000000000000000000000000000000000000000000000000000000000000000000000000000000000000000000000000000000000000000000000000000000000000000000000000000000000000000000000000000000000000000000000000000000000000000000000000000000000000000000000000000000000000000000000000000000000000000000000000000000000000000000000000000000000000000000000000000000000000000000000000000000000000000000000000000000000000000000000000000000000000000000000000000000000000000000000000000000000000000000000000000000000000000000000000000000000000000111111000000000000000000000000000000000000000000000000000000000000000000000000000000000000000000000000000000000000000000000000000000000000000000000000000000000000000000000000000000000000
",Nucleus inner membrane,"[727, 728, 729, 730, 731, 732]","['V', 'N', 'N', 'A', 'L', 'K']"
2364,Q8BJS4,Mus musculus (Mouse),SUN domain-containing protein 2,AH,"MSRRSQRLTRYSQDDNDGGSSSSGASSVAGSQGTVFKDSPLRTLKRKSSNMKHLSPAPQLGPSSDSHTSYYSESVVRESYIGSPRAVSLARSALLDDHLHSEPYWSGDLRGRRRRGTGGSESSKANGLTAESKASEDFFGSSSGYSSEDDLAGYTDSDQHSSGSRLRSAASRAGSFVWTLVTFPGRLFGLLYWWIGTTWYRLTTAASLLDVFVLTRSRHFSLNLKSFLWFLLLLLLLTGLTYGAWHFYPLGLQTLQPAVVSWWAAKESRKQPEVWESRDASQHFQAEQRVLSRVHSLERRLEALAADFSSNWQKEAIRLERLELRQGAAGHGGGSSLSHEDALSLLEGLVSRREATLKEDLRRDTVAHIQEELATLRAEHHQDSEDLFKKIVQASQESEARVQQLKTEWKSMTQEAFQESSVKELGRLEAQLASLRQELAALTLKQNSVADEVGLLPQKIQAARADVESQFPDWIRQFLLGDRGARSGLLQRDEMHAQLQELENKILTKMAEMQGKSAREAAASLGQILQKEGIVGVTEEQVHRIVKQALQRYSEDRIGMVDYALESGGASVISTRCSETYETKTALLSLFGIPLWYHSQSPRVILQPDVHPGNCWAFQGPQGFAVVRLSARIRPTAVTLEHVPKALSPNSTISSAPKDFAIFGFDEDLQQEGTLLGTFAYDQDGEPIQTFYFQASKMATYQVVELRILTNWGHPEYTCIYRFRVHGEPAH
","00000000000000000000000000000000000000000000000000000000000000000000000000000000000000000000000000000000000000000000000000000000000000000000000000000000000000000000111111110000000000000000000000000000000000000000000000000000000000000000000000000000000000000000000000000000000000000000000000000000000000000000000000000000000000000000000000000000000000000000000000000000000000000000000000000000000000000000000000000000000000000000000000000000000000000000000000000000000000001111111000000000000000000000000000000000000000000000000000000000000000000000000000000000000000000000000000000000000000000000000000000000000000000000000000000000000000000000000000000000000000000000000000000000000000000000000000000000000000000000000000000000000
","Nucleus inner membrane, Nucleus envelope, Endosome membrane","[164, 165, 166, 167, 168, 169, 170, 171, 472, 473, 474, 475, 476, 477, 478]","['R', 'L', 'R', 'S', 'A', 'A', 'S', 'R', 'D', 'W', 'I', 'R', 'Q', 'F', 'L']"
397,Q9DA32,Mus musculus (Mouse),SUN domain-containing protein 5,AH,"MPRTRNIGALCTLPEDTTHSGRPRRGVQRSYISRMAEPAPANMNDPLLLPLRMNTPGLSLVQILLGYMSWLTYLACFLRTQTQQVFLNTCRCKLFCQKVMEKMGLLVLCVFGFWMFSMHLPSKVEVWQDDSINGPLQSLRMYQEKVRHHTGEIQDLRGSMNQLIAKLQKMEAISDEQKMAQKIMKMIQGDYIEKPDFALKSIGASIDFEHTSATYNHDKARSYWNWIRLWNYAQPPDVILEPNVTPGNCWAFASDRGQVTIRLAQKVYLSNITLQHIPKTISLSGSPDTAPKDIVIYGLESLPREEVFLGAFQFQPENVIQMFQLQNLPPRSFAAVKVKISSNWGNPRFTCMYRVRVHGSVTPPKDSHLEPLS
","0000000000000000000000000000000000000000000000000000000000000000000000000000000000000000000111111111110000000000000000000000000000000000000000000000000000000000000000000000000000000000000000000000000000000000000000000000000000000000000000000000000000000000000000000000000000000000000000000000000000000000000000000000000000000000000000000000000000000000000000000000000000000
","Nucleus inner membrane, Golgi apparatus","[91, 92, 93, 94, 95, 96, 97, 98, 99, 100, 101]","['C', 'K', 'L', 'F', 'C', 'Q', 'K', 'V', 'M', 'E', 'K']"
988,O55242,Mus musculus (Mouse),Sigma non-opioid intracellular receptor 1,AH,"MPWAAGRRWAWITLILTIIAVLIQAAWLWLGTQNFVFSREEIAQLARQYAGLDHELAFSRLIVELRRLHPGHVLPDEELQWVFVNAGGWMGAMCILHASLSEYVLLFGTALGSHGHSGRYWAEISDTIISGTFHQWKEGTTKSEVFYPGETVVHGPGEATALEWGPNTWMVEYGRGVIPSTLFFALADTFFSTQDYLTLFYTLRAYARGLRLELTTYLFGQDS
","0000000000000000000000000000000000000000000000000000000000000000000000000000000000000000000000000000000000000000000000000000000000000000000000000000000000000000000000000000000000000000000000000001111111111111111100000000000
","Nucleus inner membrane, Nucleus outer membrane, Nucleus envelope, Cytoplasmic vesicle, Endoplasmic reticulum membrane, Membrane, Lipid droplet, Cell junction, Cell membrane, Cell projection, growth cone, Cell junction, synapse, postsynaptic density membrane","[195, 196, 197, 198, 199, 200, 201, 202, 203, 204, 205, 206, 207, 208, 209, 210, 211]","['Y', 'L', 'T', 'L', 'F', 'Y', 'T', 'L', 'R', 'A', 'Y', 'A', 'R', 'G', 'L', 'R', 'L']"
1205,P20291,Rattus norvegicus (Rat),Arachidonate 5-lipoxygenase-activating protein,AH,"MDQEAVGNVVLLAIVTLISVVQNAFFAHKVELESKAQSGRSFQRTGTLAFERVYTANQNCVDAYPTFLVVLWTAGLLCSQVPAAFAGLMYLFVRQKYFVGYLGERTQSTPGYIFGKRIILFLFLMSLAGILNHYLIFFFGSDFENYIRTITTTISPLLLIP
","00000000000000000000000000000000000000000000000000000000000000000000000000000000000000000000000000000000000000000000000000000000001111110000000000000000000000000
","Nucleus membrane, Endoplasmic reticulum membrane","[130, 131, 132, 133, 134, 135]","['L', 'N', 'H', 'Y', 'L', 'I']"
1016,O70418,Rattus norvegicus (Rat),RING finger protein 112,AH,"MPRPVLSVTAFCHRLGKRESKRSFMGNSSNSWSHASFPKLELGLGQRPSPPRESPTCSICLERLREPISLDCGHDFCIRCFSTHRIPGCELPCCPECRKICKQKKGLRSLGERMKLLPQRPLPPALQETCAVRAERLLLVRINASGGLILRMGAINRCLKHPLARDTPVCLLAVLGEQHSGKSFLLDHLLRGLPGLESGDSTRPRAEGSLPGIRWGANGLTRGIWMWSHPFLLGKEGKKVAVFLVDTGDVMSPELSRETRVKLCALTMMLSSYQILNTSQELKDTDLGYLEMFVHVAEVMGKHYGMVPIQHLDLLVRDSSHHNKSGQGHVGDILQKLSGKYPKVQELLLGKRARCYLLPAPERQWVNKGQASPGGNTEDDFSHHFRAYISDVLSTAPQHAKSRCQGYWSEGRAMARGDRRLLTGQQLAQEIKNLSGWMGKSGPSFSSPDEMAAQLHDLRKVEAAKKEFEEYVRQQDIATKRIFSALRVLPDTMRNLLSTQKDAILARHGVALLCKEREQTLEALEAELQAEAKAFMDSYTMRFCGHLAAVGGAVGAGLMGLAGGVVGAGMAAAALAAEAGMVAAGAAVGATGAAVVGGGVGAGLAATVGCMEKEEDERVQGGDREPLLQEE
","0000000000000000000000000000000000000000000000000000000000000000000000000000000000000000000000000000000000000000000000000000000000000000000000000000000000000000000000000000000000000000000000000000000000000000000000000000000000000000000000000000000000000000000000000000000000000000000000000000000000000000000000000000000000000000000000000000000000000000000000000000000000000000000000000000000000000000000000000000000000000000111111111100000000000000000000000000000000000000000000000000000000000000000000000000000000000000000000000000000000000000000000000000000000000000000000000000000000000000000000000000000000000000000000000000000
","Membrane, Membrane, Cytoplasm, Nucleus, Nucleus, nuclear body, Nucleus, nucleoplasm, Endosome, Cytoplasmic vesicle, secretory vesicle, synaptic vesicle, Cell junction, synapse, postsynaptic density, Perikaryon, Cell projection, neuron projection","[424, 425, 426, 427, 428, 429, 430, 431, 432, 433]","['Q', 'Q', 'L', 'A', 'Q', 'E', 'I', 'K', 'N', 'L']"
987,O55034,Rattus norvegicus (Rat),Sperm-associated antigen 4 protein,AH,"MRRNPRPGSAASSHNHTPNFYSENSNSSHSATSGDSNGRRSAGPELGEPDGRMARGSSCGEPALSSGVPGGDTWAGSSRPKLAPRSHNGQTACGAATVRGGASEPSGSPAVLEEQLNLLPILDLRQEMPPPPVSKSFLSLFFQVLSVFLSLVADGLVCVYREICSIRFLFTAVSLLSIFLAALWWGLLYLIPPLENEPKEMLTLSQYHHRVHSQGQQLQQLQAELSKLHKEVTSVRAAHSERVAKLVFQRLNEDFVRKPDYALSSVGASIDLEKTSSDYEDRNTAYFWNRLSFWNYARPPSVILEPDVFPGNCWAFEGEQGQVVIRLPGHVQLSDITLQHPPPTVAHTGGASSAPRDFAVFGLQADDDETEVFLGKFIFEVQKSEIQTFHLQNDPPSAFPKVKIQILSNWGHPRFTCLYRVRAHGVRISESAEDNAMGVTGGPH
","000000000000000000000000000000000000000000000000000000000000000000000000000000000000000000000000000000000000000000000000000000000000011111111000000000000000000000000000000000000000000000000000000000000000000000000000000000000000000000000000000000000000000000000000000000000000000000000000000000000000000000000000000000000000000000000000000000000000000000000000000000000000000000000000000000000000000000000000000000000000000000000000000000000000
","Membrane, Cytoplasm, cytoskeleton, Cytoplasm, cytoskeleton, flagellum axoneme, Nucleus envelope, Nucleus inner membrane","[133, 134, 135, 136, 137, 138, 139, 140]","['S', 'K', 'S', 'F', 'L', 'S', 'L', 'F']"
2170,Q6P752,Rattus norvegicus (Rat),Torsin-1A-interacting protein 2,AH,"MSQTLKSQDTNMSDSGYRDPVEDSQNVLGNDPSVNSQAQDPIVTPSNTVEAQTLHPTSDLKEDHHEIGAKGQEHADTGDRAESSEEPALEKPPLDKAELERSPSSQDTEQRHHPYSEHVGGDTLVLDPNYSQSDLGGRADAHLESSSAAPTEGAGEGGEAGAHLESSCAALPVGADEGGRANAHLESSSAAPTEGAGEGGEADVHLESSSAVPPEEAHLESSSAAPSEGAGEGGEADAHLESSSAAPSEGAGEGGETAQNLLAVDSTDAQSPCHSSAGPGSQDSLRRRLPVTEAERHEEETQLVTEKEEVAQETLRKTEKKSLWTYGSMFLGCLIVAVVLSSVNSYYSSPAQQVPQNPALEAFLAQFSQLREKFPGQSAFLWQRGRKFLQKHLNASNPSEPATVIFTAAREGKETLKCLSYHVANAYTSSQKVTAVSIDGAERALQDSDTVKLLVDLELSYGFENGHKAAVVHHFESLPAGSTLIFYKYCDHENAAFKDVALVLTVLLEEETLEASVSPRETEEKVRDLLWAKFTDSGTPSSFSHMDSDKLSGLWSRISHLVLPVQPVKNIEERGCLL
","00000000000000000000000000000000000000000000000000000000000000000000000000000000000000000000000000000000000000000000000000000000000000000000000000000000000000000000000000000000000000000000000000000000000000000000000000000000000000000000000000000000000000000000000000000000000000000000000000000000000000000000000000000000000000000000000000000000000000000000000000000000000000000000011111111110000000000000000000000000000000000000000000000000000000000000000000000000000000000000000000000000000000000000000000000000000000000000000000000000000000000000000000000000000000000000000000
","Endoplasmic reticulum membrane, Nucleus envelope","[381, 382, 383, 384, 385, 386, 387, 388, 389, 390]","['W', 'Q', 'R', 'G', 'R', 'K', 'F', 'L', 'Q', 'K']"
